Chemical.Number,Chemical.Name,Chemical.CAS,Chemical.Class,Peak_Frequency_up,Peak_Frequency_dn,Peak_Decay_Rise_Ratio_up,Peak_Frequency_zero,Total_Cells_zero,Risk.lable
1,N-Nitrosopyrrolidine,930-55-2,Other,1.009605,122.5135,105.3445,114.6825,130.7505,
2,Isoniazid,54-85-3,Pharmaceutical,16.1321,971.374,761.714,180.548,978.6425,
3,Methotrexate,59-05-2,Pharmaceutical,8.386715,693.634,484.0915,111.5105,1185.48,
4,2-Chloroethanol,107-07-3,Solvent,26.8529,829.359,1.756185,149.6055,1046.17,
5,Dicrotophos,141-66-2,Pesticide,18.27875,7.511155,0.0191335,129.097,1178.465,
6,Safrole,94-59-7,Food flavor fragrance,11.40015,541.1735,46.34395,169.702,1259.175,
7,Triethylene_glycol_bis(2-ethylhexanoate),94-28-0,Solvent,1.202185,73.58785,99.5854,100.95475,1250.36,
8,2-Chloro-4-phenylphenol,92-04-6,Microbiocide,0.432307,131.5645,87.68375,80.2465,20.9764,
9,"4-Androstene-3,17-dione",63-05-8,Pharmaceutical,5.595025,131.417,107.995,108.3635,1262.43,
10,Prednisone,53-03-2,Pharmaceutical,9.22043,146.795,82.4844,156.5885,1121.315,
11,3-Phenoxybenzoic_acid,3739-38-6,Pesticide,1.901325,544.765,682.6145,132.165,1461.905,
12,2-[4-(Diethylamino)-2-hydroxybenzoyl]benzoic_acid,5809-23-4,Chemical intermediate,506.937,352.3755,860.6495,153.5615,978.2775,
13,Formetanate_hydrochloride,23422-53-9,Pesticide,22.69195,0.28802,0.1200235,105.696,612.4985,
14,3-Methylbutyl_acetate,123-92-2,Food flavor fragrance,2.01772,687.3485,931.0075,178.137,1154.725,
15,Pyraclostrobin,175013-18-0,Microbiocide,6.45409,0.0146292,7.088305,84.86615,574.355,
16,"Toluene-2,4-diisocyanate",584-84-9,Chemical intermediate,2.18274,903.466,723.5915,234.0205,1111.1,
17,"Methyl_(RS)-2-[4-(2,4-dichlorophenoxy)phenoxy]propionate",51338-27-3,Herbicide,3.569055,196.5235,169.1345,229.1175,1584.28,
18,Citronellol,106-22-9,Food flavor fragrance,8.090065,130.187,45.6473,101.293,293.1445,
19,Dihexyl_phthalate,84-75-3,Plasticizer,0.404163,367.658,64.31015,143.525,1268.83,
20,N-Ethylperfluorooctanesulfonamide,4151-50-2,Pesticide,0.1388805,861.414,819.3145,219.437,1304.87,
21,Valproic_acid,99-66-1,Pharmaceutical,16.9741,832.216,904.348,143.192,1119.54,
22,Clorophene,120-32-1,Microbiocide,0.0390424,25.1293,22.88935,83.92405,19.04375,
23,Flutamide,13311-84-7,Pharmaceutical,0.384159,113.8825,127.3755,84.32785,22.03345,
24,Cyclohexylphenylketone,712-50-5,Food flavor fragrance,84.96405,54.1763,38.4672,296.8655,1758.525,
25,Fenvalerate,51630-58-1,Pesticide,3.042495,30.25335,12.4917,155.889,1218.145,
26,Dicyclohexyl_disulfide,2550-40-5,Food flavor fragrance,9.18425,365.5345,777.1685,128.046,1034.85,
27,Aminoglutethimide,125-84-8,Pharmaceutical,67.84165,382.3715,738.697,498.421,510.521,
28,Cyclopamine,4449-51-8,Pharmaceutical,82.98745,0.878632,0.0534547,142.5645,1319.8,
29,Endothal,145-73-3,Herbicide,3.345395,550.833,951.062,145.933,1329.48,
30,"4,4'-Methylenebis(N,N-dimethylaniline)",101-61-1,Chemical intermediate,0.8674255,97.3789,93.8298,93.36,1177.77,
31,"4,4'-(9H-Fluorene-9,9-diyl)diphenol",3236-71-3,Chemical intermediate,4.57E-05,6.21031,0.02971265,66.71645,18.43175,
32,Trifloxysulfuron-sodium,199119-58-9,Herbicide,16.897,743.7755,821.8815,160.168,523.336,
33,Chlorimuron-ethyl,90982-32-4,Herbicide,9.00961,649.018,218.3595,103.17,1144.035,
34,Molinate,2212-67-1,Herbicide,6.820645,121.7405,10.73885,108.936,929.3505,
35,"1,2-Dichlorobenzene",95-50-1,Solvent,26.66195,643.3725,570.275,204.612,737.043,
36,17beta-Estradiol,50-28-2,Pharmaceutical,0.1439775,119.944,120.675,75.4979,1063.2,
37,"1,2,3-Trichlorobenzene",87-61-6,Solvent,534.3945,122.278,658.4845,126.7085,1067.325,
38,"2,4-Diaminotoluene",95-80-7,Chemical intermediate,19.34095,717.2845,799.3495,120.899,1290.03,
39,Chlorpyrifos_oxon,5598-15-2,Pesticide,56.1953,109.019,67.23215,133.2635,1075.725,
40,Imazamox,114311-32-9,Herbicide,63.70745,818.2515,900.846,124.3365,895.4475,
41,Hexythiazox,78587-05-0,Pesticide,0.726061,107.627,15.9645,103.986,1120.79,
42,Tetrahydrocurcumin,36062-04-1,Food flavor fragrance,2.180475,22.7996,13.14725,71.26615,1115.85,
43,1-Tetradecene,1120-36-1,Solvent,68.52975,742.4305,787.794,131.242,1147.42,
44,"Indeno(1,2,3-cd)pyrene",193-39-5,PAH,2.367895,936.1585,763.6295,192.107,1091.935,
45,Dalapon,75-99-0,Herbicide,0.0221036,0.0210159,0.0285204,97.6091,1184.34,
46,3-Iodo-2-propynyl-N-butylcarbamate,55406-53-6,Pesticide,14.48985,7.250755,13.206,59.74805,862.2305,
47,Pyridaben,96489-71-3,Pesticide,0.0248984,0.0302397,0.0300077,47.72365,871.9515,
48,Dimethylarsinic_acid,75-60-5,Herbicide,97.31745,698.117,562.6355,193.886,1262.355,
49,EPN,2104-64-5,Pesticide,69.64315,0.5402905,0.187141,117.7045,1119.66,
50,Chloridazon,1698-60-8,Herbicide,0.000159207,831.522,860.32,106.979,1256.08,
51,"2,2,4-Trimethyl-1,3-pentanediol_diisobutyrate",6846-50-0,Chemical intermediate,13.44845,600.252,770.865,176.4545,1108.585,
52,Norethindrone,68-22-4,Pharmaceutical,0.29561,143.7785,109.337,107.7925,1276.315,
53,Butralin,33629-47-9,Herbicide,0.02984025,114.7305,147.2325,94.09245,1144.96,
54,Paclobutrazol,76738-62-0,Herbicide,0.0178346,136.9435,107.4425,108.947,930.3985,
55,Diclofenac_sodium,15307-79-6,Pharmaceutical,15.7247,619.958,527.8005,128.2855,622.4415,
56,Flumioxazin,103361-09-7,Herbicide,31.0703,92.78465,151.6755,121.4555,634.5595,
57,4-Heptylphenol,1987-50-4,Chemical intermediate,15.45855,112.156,132.996,93.0029,1208.525,
58,4-Chlorophenyl_methyl_sulfide,123-09-1,Other,3.95047,806.704,788.8065,102.158,1034.72,
59,Dimethipin,55290-64-7,Herbicide,257.455,691.7645,833.1175,182.7965,1051.165,
60,Tripropylene_glycol_monomethyl_ether,25498-49-1,Solvent,326.7435,504.814,612.0395,199.3225,1168.95,
61,Cyfluthrin,68359-37-5,Pesticide,0.0201836,0.0343682,0.0187336,133.6255,1121.53,
62,Sethoxydim,74051-80-2,Herbicide,0.1354885,135.6995,93.4566,71.1064,1103.71,
63,Oxazepam,604-75-1,Pharmaceutical,83.02245,48.4645,69.31425,168.7275,1109.86,
64,Sodium_dehydroacetate,4418-26-2,Plasticizer,0.8614895,934.4405,378.267,135.1705,1199.595,
65,alpha-Cyclodextrin,10016-20-3,Food flavor fragrance,464.4925,414.679,57.8146,187.2605,1218.83,
66,1-Tridecanol,112-70-9,Food flavor fragrance,19.20525,6.118535,9.328485,59.38635,235.285,
67,Bifenthrin,82657-04-3,Pesticide,7.917045,13.66595,797.7855,226.5055,954.23,
68,"6,2_Fluorotelomer_alcohol",647-42-7,Chemical intermediate,142.1945,539.442,608.565,148.7985,1218.93,
69,Methylene_bis(thiocyanate),6317-18-6,Microbiocide,3.564245,19.08975,21.93255,63.31385,1.962685,
70,Ethephon,16672-87-0,Herbicide,6.10165,682.59,831.0925,251.363,1128.24,
71,2-(Butan-2-yl)phenol,89-72-5,Chemical intermediate,3.083975,94.0392,108.102,106.673,881.9655,
72,Nitrapyrin,1929-82-4,Microbiocide,108.6705,2.089295,108.421,103.3095,360.257,
73,2-(2-Ethoxyethoxy)ethanol,111-90-0,Solvent,63.7285,393.4685,926.794,142.4995,495.5115,
74,Pyriproxyfen,95737-68-1,Pesticide,1.651105,117.643,127.9255,143.305,478.736,
75,Forchlorfenuron,68157-60-8,Herbicide,24.97065,0.608437,15.6537,63.44785,44.11885,
76,"4,4'-Sulfonyldiphenol",80-09-1,Chemical intermediate,53.91785,75.74905,132.3225,122.7755,607.969,
77,Pendimethalin,40487-42-1,Herbicide,4.788165,108.2145,110.7005,109.9425,753.129,
78,Clodinafop-propargyl,105512-06-9,Herbicide,47.2026,59.68515,108.664,149.072,631.592,
79,"1,2,4-Tribromobenzene",615-54-3,Chemical intermediate,94.26525,42.95445,113.206,144.7795,444.559,
80,Benzyloctyl_adipate,58394-64-2,Plasticizer,3.286475,541.3885,658.6305,121.6225,1016.09,
81,"2,4,4'-Trihydroxybenzophenone",1470-79-7,PAH,1.89026,118.207,120.7255,89.89415,631.4845,
82,Di-n-octyl_phthalate,117-84-0,Plasticizer,33.3846,707.345,1068.87,204.4275,1175.38,
83,Propylbenzene,103-65-1,Solvent,134.015,3.03777,7.890385,99.6201,375.91,
84,"3,4-Diaminotoluene",496-72-0,Chemical intermediate,113.5755,7.950855,83.7631,99.703,491.1165,
85,tert-Butylhydroquinone,1948-33-0,Chemical intermediate,100.3735,10.0727,2.50709,111.91,22.5018,
86,Perfluorooctanesulfonamide,754-91-6,Surfactant,134.309,9.801185,82.03745,175.9815,56.8961,
87,Hexanedinitrile,111-69-3,Chemical intermediate,0.1089935,135.125,134.8415,153.644,54.29405,
88,Oxamyl,23135-22-0,Pesticide,84.1185,4.5208,117.161,144.3215,766.29,
89,N-Nitrosodimethylamine,62-75-9,Chemical intermediate,372.6065,498.475,597.5145,161.0065,963.8825,
90,6-Thioguanine,154-42-7,Pharmaceutical,624.4545,38.69305,630.7965,148.2645,1160.88,
91,Isopropyl_triethanolamine_titanate,36673-16-2,Other,493.665,358.764,897.364,159.8475,1035.09,
92,Busulfan,55-98-1,Pharmaceutical,113.1505,527.7915,794.8925,211.033,947.3325,
93,Monobenzyl_phthalate,2528-16-7,Plasticizer,402.398,292.624,997.7565,137.671,954.791,
94,4-Hydroxytamoxifen,68392-35-8,Pharmaceutical,1.271475,77.2653,129.81,165.427,17.3255,
95,5-Chloro-2-methyl-3(2H)-isothiazolone,26172-55-4,Microbiocide,128.5325,0.4785265,94.90975,125.0645,19.85475,
96,2-Hexyloxyethanol,112-25-4,Solvent,99.36205,369.011,928.608,213.3025,801.433,
97,Cypermethrin,52315-07-8,Pesticide,69.9455,0.265484,82.88145,80.5149,259.08,
98,"3,3',5,5'-Tetrabromobisphenol_A",79-94-7,Flame retardant,4.07951,132.2575,108.3005,107.952,9.76333,
99,Thymol,89-83-8,Food flavor fragrance,51.6288,86.8456,99.55855,154.474,735.92,
100,Triethanolamine,102-71-6,Surfactant,390.856,372.63,698.061,218.258,156.076,
101,"1,2-Propylene_glycol",57-55-6,Solvent,131.4365,411.559,741.157,157.4055,1061.69,
102,Trichloroacetic_acid,76-03-9,Pharmaceutical,64.26885,826.88,708.721,135.116,951.374,
103,Carminic_acid,1260-17-9,Dye,33.45355,811.9375,190.8215,136.5845,1368.31,
104,Triflumizole,68694-11-1,Microbiocide,14.6061,11.75685,16.8543,90.7547,21.8812,
105,5HPP-33,105624-86-0,Pharmaceutical,12.47085,13.4801,19.92725,75.3569,24.6763,
106,Equilin,474-86-2,Pharmaceutical,20.1058,0.387011,11.85675,76.7341,1275.12,
107,Acenaphthylene,208-96-8,PAH,113.527,1.17087,61.76285,143.983,926.3025,
108,Ethoxyquin,91-53-2,Food flavor fragrance,19.942,97.6457,137.9605,97.47325,1245.755,
109,Propoxycarbazone-sodium,181274-15-7,Herbicide,63.15465,850.2735,722.1485,124.562,912.6595,
110,Triacetin,102-76-1,Food flavor fragrance,0.0341029,0.0277727,0.02502625,124.123,739.053,
111,Sodium_trichloroacetate,650-51-1,Herbicide,784.4445,73.7343,13.1956,175.0855,1084.28,
112,Bendiocarb,22781-23-3,Pesticide,16.41995,286.687,705.0535,116.0945,875.6995,
113,Maneb,12427-38-2,Microbiocide,0.153249,5.62726,0.912104,117.5145,1173.22,
114,Phenolphthalin,81-90-3,Dye,27.9809,586.8915,299.5285,224.2195,1129.535,
115,Pioglitazone_hydrochloride,112529-15-4,Pharmaceutical,639.677,79.3527,695.5955,194.6375,1220.675,
116,Simazine,122-34-9,Herbicide,0.00173138,772.678,282.01,81.33495,619.8345,
117,Hexazinone,51235-04-2,Herbicide,44.7277,729.9455,845.188,195.877,1061.765,
118,"1,3-Benzenediamine",108-45-2,Chemical intermediate,60.53725,856.773,531.064,114.6455,1175.68,
119,"2-Methyl-4,6-dinitrophenol",534-52-1,Pesticide,0.003949785,4.735325,127.914,92.63795,18.0605,
120,Fluazifop-butyl,69806-50-4,Herbicide,0.3613245,143.1025,129.924,69.55425,298.5935,
121,1-Butanol,71-36-3,Solvent,746.3715,12.0662,640.8935,164.619,1046.035,
122,4-(2-Methylbutan-2-yl)phenol,80-46-6,Chemical intermediate,0.04553985,138.0485,120.0865,110.775,17.73055,
123,Cyprodinil,121552-61-2,Microbiocide,1.00394,111.4025,116.4615,81.23435,13.22855,
124,Diphenolic_acid,126-00-1,Plasticizer,0.01561955,845.7715,281.8505,199.0635,693.4385,
125,Acetamide,60-35-5,Solvent,156.1425,601.507,710.01,139.0245,1135.245,
126,Pyrimethanil,53112-28-0,Microbiocide,0.009530455,136.6555,84.64465,96.463,1043.275,
127,"1,3,5-Tribromobenzene",626-39-1,Chemical intermediate,772.2005,78.5608,885.2125,148.9015,614.276,
128,Mercuric_chloride,7487-94-7,Microbiocide,17.39795,0.3078425,15.19375,144.078,604.004,
129,"Hexanedioic_acid,_diisononyl_ester",33703-08-1,Plasticizer,644.8075,155.197,950.669,252.5225,659.5145,
130,Ammonium_perchlorate,7790-98-9,Other,144.218,718.9555,733.9665,163.7595,1219.305,
131,"1,2,3-Benzotriazole",95-14-7,Solvent,4.427165,77.00675,123.222,96.80275,156.5805,
132,Octamethylcyclotetrasiloxane,556-67-2,Chemical intermediate,134.4755,1.830985,54.5228,76.0623,1010.76,
133,D-Mannitol,69-65-8,Food flavor fragrance,63.2158,786.731,1039.36,163.2745,1306.91,
134,"5,5-Diphenylhydantoin",57-41-0,Pharmaceutical,20.28265,6.847805,18.1801,55.5644,1265.085,
135,"1,3-Dichloro-2-propanol",96-23-1,Solvent,53.28895,746.1925,888.435,187.7485,1277.46,
136,Clofentezine,74115-24-5,Pesticide,16.46795,788.9295,797.755,197.3305,1034.63,
137,2-Tert-Butyl-5-methylphenol,88-60-8,Chemical intermediate,119.5445,3.851845,150.3065,138.9175,26.2542,
138,Pirimicarb,23103-98-2,Pesticide,20.5614,247.1375,803.7555,98.93325,1062.815,
139,4-Hydroxy-3-methoxybenzaldehyde,121-33-5,Food flavor fragrance,28.60335,538.679,936.2755,121.0125,1165.03,
140,Carbamazepine,298-46-4,Pharmaceutical,87.5794,20.8145,121.342,91.6946,1237.115,
141,Isopentyl_alcohol,123-51-3,Solvent,0.02063535,0.03312895,0.02789315,54.1222,0.0447774,
142,"2,6-Diethylaniline",579-66-8,Chemical intermediate,0.01207045,0.02376905,0.02589715,51.57535,0.0471555,
143,Folpet,133-07-3,Microbiocide,0.02484645,0.0258108,0.02891745,61.65915,0.05962605,
144,Oxyfluorfen,42874-03-3,Herbicide,0.0284322,0.03302845,0.0318003,38.92925,0.0480164,
145,Heptachlor,76-44-8,Pesticide,2.66727,39.714,108.113,97.66065,22.5655,
146,Terbutryn,886-50-0,Herbicide,1.06643,21.88365,15.881,86.83615,1170.32,
147,Flufenpyr-ethyl,188489-07-8,Herbicide,15.84345,9.955855,19.90665,93.7625,1005.49,
148,Fludioxonil,131341-86-1,Microbiocide,13.4422,113.44,96.35935,144.824,910.762,
149,Isoxaben,82558-50-7,Herbicide,63.13325,84.1778,71.5243,100.918,960.765,
150,Mepanipyrim,110235-47-7,Microbiocide,0.646951,16.3492,8.522275,89.3976,1093.155,
151,"2,3,4,6-Tetrachlorophenol",58-90-2,Microbiocide,91.0662,0.0119326,1.47284,83.19985,751.5465,
152,Methenamine,100-97-0,Chemical intermediate,25.4258,105.697,117.92,124.7645,638.675,
153,p-Bromodiphenyl_ether,101-55-3,Chemical intermediate,6.035325,119.503,107.933,112.717,697.4105,
154,Boscalid,188425-85-6,Microbiocide,9.52138,14.58535,12.33,70.33105,1354.905,
155,Dodecyltrimethylammonium_chloride,112-00-5,Microbiocide,24.69285,2.72924,4.552995,80.40445,20.82235,
156,Dibutyl_decanedioate,109-43-3,Plasticizer,646.217,38.5526,4.423765,179.6755,951.791,
157,Reserpine,50-55-5,Pharmaceutical,13.20065,10.58285,11.09095,81.6157,1280.365,
158,Quinclorac,84087-01-4,Herbicide,752.08,15.81805,575.5535,131.7335,1086.11,
159,Tebuconazole,107534-96-3,Pesticide,1.91691,33.72575,1.14667,117.346,17.0593,
160,Methyl_methanesulfonate,66-27-3,Pesticide,41.55975,97.1731,689.0495,247.7905,1015.225,
161,"3,4-Dichloronitrobenzene",99-54-7,Chemical intermediate,98.352,0.098858,20.08215,88.8924,1119.925,
162,Coumarin,91-64-5,Food flavor fragrance,151.854,637.848,988.933,211.1495,993.559,
163,4-Nitrobenzoic_acid,62-23-7,Chemical intermediate,81.02215,593.438,776.1935,125.6685,217.785,
164,Bispyribac-sodium,125401-92-5,Herbicide,594.6335,0.1524525,274.9165,146.9575,395.755,
165,"2,2-Bis(4-hydroxyphenyl)-1,1,1-trichloroethane",2971-36-0,Pesticide,2.335155,45.4283,127.56,115.125,19.5918,
166,Nilutamide,63612-50-0,Pharmaceutical,11.1235,42.35225,121.311,85.6142,1100.635,
167,Chlorethoxyfos,54593-83-8,Pesticide,106.271,8.728815,27.6729,93.2698,1016.735,
168,Dibutyl_phthalate,84-74-2,Plasticizer,3.97974,38.69475,104.224,83.4707,1477.085,
169,Diphenylamine,122-39-4,Dye,6.00413,24.94275,77.66505,136.4215,1196.41,
170,Pentachloropyridine,2176-62-7,Chemical intermediate,260.254,0.0136301,379.623,191.3495,1142.73,
171,Dexamethasone_sodium_phosphate,2392-39-4,Pharmaceutical,815.361,0.5326445,631.751,104.274,1165.97,
172,"1,2,3,4-Tetrachlorobenzene",634-66-2,Chemical intermediate,62.2729,414.9035,556.8335,209.374,1159.655,
173,Sodium_dodecylbenzenesulfonate,25155-30-0,Surfactant,127.589,0.3290905,103.0595,115.8255,30.18175,
174,Trichlorfon,52-68-6,Pesticide,84.9053,274.9385,781.4535,180.755,787.4555,
175,"1,3-Diphenylguanidine",102-06-7,Chemical intermediate,0.0207471,0.0185246,0.01984655,45.7903,1257.205,
176,"1,2-Diphenylhydrazine",122-66-7,Chemical intermediate,10.64825,103.578,55.61805,114.681,1347.425,
177,Codeine,76-57-3,Pharmaceutical,47.96635,113.4185,125.3635,137.8075,1068.745,
178,N-Nitrosodiethylamine,55-18-5,Plasticizer,64.29625,316.8285,719.0215,161.145,1036.715,
179,Testosterone_propionate,57-85-2,Pharmaceutical,9.09218,112.0795,98.05855,110.0435,1122.44,
180,Triethoxyoctylsilane,2943-75-1,Chemical intermediate,285.984,452.4225,671.3955,115.194,1100.235,
181,Glutaraldehyde,111-30-8,Chemical intermediate,19.798,206.8295,944.463,190.273,621.208,
182,Acetophenone,98-86-2,Food flavor fragrance,124.7865,476.646,653.666,227.9635,1147.99,
183,Triphenyltin_hydroxide,76-87-9,Microbiocide,16.81285,1.592055,0.442042,65.19875,507.2285,
184,Methyl_2-aminobenzoate,134-20-3,Food flavor fragrance,65.67,61.1331,116.055,138.7565,374.562,
185,Triglycidyl_isocyanurate,2451-62-9,Chemical intermediate,62.56355,740.226,612.2535,232.499,473.275,
186,Spironolactone,52-01-7,Pharmaceutical,1.034775,84.28945,84.5258,107.6365,227.9755,
187,Sulfasalazine,599-79-1,Pharmaceutical,693.373,5.330275,688.455,138.8865,939.4625,
188,Cyclohexylamine,108-91-8,Chemical intermediate,213.365,667.4835,650.966,180.738,962.9885,
189,Methidathion,950-37-8,Pesticide,128.722,0.6534165,3.849315,126.325,18.1439,
190,2-Amino-5-azotoluene,97-56-3,Chemical intermediate,7.687005,14.9911,1.845115,74.29595,19.25725,
191,Di(2-ethylhexyl)_phthalate,117-81-7,Plasticizer,13.5934,636.3505,766.66,146.6845,1333.575,
192,"2E,4E-Hexadienoic_acid",110-44-1,Microbiocide,63.2704,316.688,483.639,123.04,658.119,
193,4-Nitroaniline,100-01-6,Chemical intermediate,113.0805,432.992,253.603,154.3785,1038.615,
194,Diethylene_glycol_monomethyl_ether,111-77-3,Solvent,594.249,220.412,659.7085,183.7195,1106.74,
195,Simvastatin,79902-63-9,Pharmaceutical,119.809,10.7572,85.98135,130.8815,582.339,
196,Kaempferol,520-18-3,Food flavor fragrance,0.0157073,108.853,111.482,74.31875,784.722,
197,4-Aminoazobenzene,60-09-3,Chemical intermediate,2.24746,96.4977,139.955,87.5587,1021.63,
198,Warfarin,81-81-2,Pharmaceutical,726.854,124.599,700.128,120.4685,1217.755,
199,Tebufenozide,112410-23-8,Pesticide,7.057355,120.0775,93.41655,106.9795,1103.49,
200,Fulvestrant,129453-61-8,Pharmaceutical,0.814576,149.454,124.266,192.833,1274.495,
201,Quercetin,117-39-5,Food flavor fragrance,1.72618,847.539,838.0945,156.8765,1315.56,
202,Alachlor,15972-60-8,Herbicide,2.13982,91.73705,126.4615,106.3745,1257.63,
203,Bronopol,52-51-7,Microbiocide,21.6793,114.2835,107.889,146.699,28.0494,
204,"N,N,N,N-Tetrakis(2-hydroxypropyl)ethylenediamine",102-60-3,Plasticizer,255.8975,164.2225,182.546,186.192,1067.34,
205,17alpha-Ethinylestradiol,57-63-6,Pharmaceutical,1.556615,16.74085,21.00735,57.3211,1214.21,
206,Fluconazole,86386-73-4,Microbiocide,29.35815,526.798,943.4285,137.8415,1034.745,
207,Hydramethylnon,67485-29-4,Pesticide,117.1005,5.12778,14.21135,134.775,44.61085,
208,Acetamiprid,135410-20-7,Pesticide,7.64749,429.519,935.776,98.02435,1305.425,
209,Cymoxanil,57966-95-7,Microbiocide,28.73,837.5945,826.577,121.2095,1217.76,
210,Diethyl_butanedioate,123-25-1,Food flavor fragrance,21.42585,328.6985,855.7155,161.758,1073.8,
211,"2,4-Dichlorophenoxyacetic_acid",94-75-7,Herbicide,117.153,552.376,781.8595,249.2795,1179.635,
212,Piperonyl_butoxide,51-03-6,Pesticide,2.088595,7.17243,124.3435,67.02565,1014.295,
213,Gentian_Violet,548-62-9,Pharmaceutical,0.183136,25.1472,17.45105,64.09285,1.959035,
214,Diacetone_alcohol,123-42-2,Solvent,355.4295,24.99375,19.11085,200.2445,1059.79,
215,Mirex,2385-85-5,Pesticide,26.259,161.3315,901.766,137.1375,1063.29,
216,Flumiclorac-pentyl,87546-18-7,Herbicide,102.3675,46.20975,101.993,151.089,897.5865,
217,Fenthion,55-38-9,Pesticide,7.72688,15.7401,27.7035,84.94365,93.45785,
218,Daidzein,486-66-8,Food flavor fragrance,11.50755,125.396,138.379,171.0345,1240.79,
219,"N,N-Diethylethanolamine",100-37-8,Chemical intermediate,242.899,562.2415,368.9745,178.1635,1220.06,
220,Propanil,709-98-8,Herbicide,49.4292,2.07234,1.944185,150.211,1270.365,
221,Sulpiride,15676-16-1,Pharmaceutical,454.387,1.62441,1.448975,163.5555,1267.88,Known
222,S-Bioallethrin,28434-00-6,Pesticide,0.3595715,30.57595,110.699,60.4423,1037.8,
223,Cyclohexanone,108-94-1,Solvent,388.99,504.0275,602.8005,130.388,1162.76,
224,4-Octylphenol,1806-26-4,Plasticizer,124.1165,9.612145,140.5565,125.7355,1227.24,
225,Diuron,330-54-1,Herbicide,10.15525,122.214,124.1305,134.9295,1030.84,
226,Perfluorohexanoic_acid,307-24-4,Surfactant,228.7345,341.8935,621.956,176.3525,1149.89,
227,Methyleugenol,93-15-2,Food flavor fragrance,13.1196,111.7225,84.09505,101.321,202.443,
228,Diisodecyl_hexanedioate,27178-16-1,Plasticizer,108.0825,952.459,466.9955,152.4575,703.242,
229,4-Methyl-2-pentanol,108-11-2,Solvent,70.80675,822.163,539.812,230.734,951.7975,
230,PHA-00568487,527680-56-4,Pharmaceutical,217.734,556.6365,4.2277,139.1495,1038.695,
231,Imazapyr,81334-34-1,Herbicide,279.6885,471.0145,619.622,139.514,1058.64,
232,Ethyl_butyrate,105-54-4,Food flavor fragrance,116.486,642.3075,792.33,215.655,1198.39,
233,"1-(Hydroxymethyl)-5,5-dimethylhydantoin",116-25-6,Microbiocide,127.495,569.082,204.4175,237.7995,1113.08,
234,5-Heptyldihydro-2(3H)-furanone,104-67-6,Food flavor fragrance,115.5045,12.90835,66.54725,85.643,1225.39,
235,Acetyltriethyl_citrate,77-89-4,Chemical intermediate,44.6246,43.49455,148.938,94.78395,1301.595,
236,o-Cresol,95-48-7,Solvent,66.16875,148.5765,758.4715,156.9595,1100.935,
237,Chlorothalonil,1897-45-6,Microbiocide,106.8535,14.3881,21.57195,91.63235,19.87495,
238,"Sodium_erythorbate_(1,1)",6381-77-7,Food flavor fragrance,481.0295,435.224,792.0195,178.109,1175.57,
239,Maltol,118-71-8,Food flavor fragrance,146.3715,734.2785,827.447,133.1885,742.7405,
240,Metalaxyl,57837-19-1,Microbiocide,0.02022765,0.02592575,0.0223499,130.9335,952.0385,
241,Ethalfluralin,55283-68-6,Herbicide,0.595818,137.862,163.1065,161.0645,1210.905,
242,Methomyl,16752-77-5,Pesticide,412.4565,443.1955,851.003,164.41,1051.915,
243,Methylparaben,99-76-3,Food additive,209.035,586.1515,882.063,180.4785,1299.325,
244,Fenitrothion,122-14-5,Pesticide,15.32025,576.66,799.4535,167.307,1067.455,
245,Cyclanilide,113136-77-9,Herbicide,478.9555,10.09275,647.6535,149.11,1166.605,
246,"3,7-Dimethyl-2,6-octadienal",5392-40-5,Food flavor fragrance,15.5633,455.1405,731.357,165.789,1039.355,
247,Carfentrazone-ethyl,128639-02-1,Herbicide,0.462113,21.28475,21.1826,68.12035,516.3135,
248,4-Nonylphenol,104-40-5,Surfactant,746.6035,1.05356,671.972,222.738,508.464,
249,Formamide,75-12-7,Chemical intermediate,0.507895,620.326,596.795,173.0575,422.816,
250,Butylbenzene,104-51-8,Solvent,0.0402326,842.218,17.32545,144.2505,1114.585,
251,"2,6-Dinitrotoluene",606-20-2,Chemical intermediate,30.856,75.90305,66.7018,103.5475,936.3535,
252,Chloramben,133-90-4,Herbicide,0.7459185,899.189,582.3855,167.5125,879.375,
253,Pyraflufen-ethyl,129630-19-9,Herbicide,99.7545,6.779425,4.892455,113.2195,892.563,
254,"6,2_Fluorotelomer_methacrylate",2144-53-8,Chemical intermediate,32.95,775.869,303.3565,151.88,1038.825,
255,Penoxsulam,219714-96-2,Herbicide,291.5035,581.418,622.7785,100.915,1157.33,
256,Dipropylene_glycol_monomethyl_ether,34590-94-8,Pharmaceutical,126.942,736.834,251.7045,156.972,1057.34,
257,Spiroxamine,118134-30-8,Microbiocide,55.66205,101.976,85.58875,106.1355,1014.035,
258,Spirodiclofen,148477-71-8,Pesticide,858.859,36.46295,280.1305,105.7175,673.3405,
259,Sodium_4-nitrophenolate,824-78-2,Herbicide,811.693,15.48445,731.064,157.603,1204.15,
260,Cyclohexanol,108-93-0,Chemical intermediate,83.9426,715.5175,31.31805,204.893,751.868,
261,Ammonium_perfluorooctanoate,3825-26-1,Chemical intermediate,783.478,0.335346,1.632725,142.45,152.3255,
262,Dimethyl_adipate,627-93-0,Solvent,103.168,848.503,531.1275,183.204,904.4735,
263,"2,4-Bis(1-methyl-1-phenylethyl)phenol",2772-45-4,Chemical intermediate,0.634745,97.00535,55.86185,77.05155,1149.765,
264,Clotrimazole,23593-75-1,Microbiocide,4.334705,17.84305,22.15245,124.988,25.55575,
265,Tetrabromophenolphthalein_ethyl_ester,1176-74-5,Chemical intermediate,126.516,12.38435,59.8685,138.893,1218.715,
266,Sulisobenzone,4065-45-6,Food flavor fragrance,40.6875,0.39889,627.699,136.628,1161.205,
267,Kepone,143-50-0,Pesticide,0.2119875,22.29335,96.20125,59.0194,18.60015,
268,8-Hydroxyquinoline,148-24-3,Pesticide,22.99345,791.6615,67.31275,192.2345,1232.635,
269,Acephate,30560-19-1,Pesticide,93.96715,682.3215,964.0585,114.116,569.779,
270,Prometon,1610-18-0,Herbicide,2.009765,106.8175,123.473,124.2015,1103.61,
271,"N,N-Dimethyldecylamine_oxide",2605-79-0,Surfactant,99.75545,34.66795,139.927,125.08,873.3035,
272,"N,N,4-Trimethylaniline",99-97-8,Dye,398.0525,7.6693,44.36255,167.3265,996.807,
273,"3,3'-Dimethoxybenzidine_dihydrochloride",20325-40-0,Chemical intermediate,8.246865,77.8778,123.0135,132.1025,537.924,
274,Fenarimol,60168-88-9,Microbiocide,16.55505,9.322755,23.34345,81.02895,640.2865,
275,2-Naphthylamine,91-59-8,Chemical intermediate,43.9257,88.34675,82.756,88.0783,910.634,
276,Pyridoxine,65-23-6,Food flavor fragrance,128.722,101.779,1007.71,167.224,1328.51,
277,Tributylamine,102-82-9,Chemical intermediate,22.5571,708.059,729.929,170.673,1058.575,
278,L-Tartaric_acid,87-69-4,Food flavor fragrance,3.784755,881.2545,676.5925,223.0065,1217.835,
279,Isopentyl_butyrate,106-27-4,Food flavor fragrance,771.2505,118.8,759.263,169.8835,99.5351,
280,Carbosulfan,55285-14-8,Pesticide,14.6244,467.9575,820.216,204.051,444.7815,
281,Undecane,1120-21-4,Chemical intermediate,490.632,473.424,821.9795,187.8215,15.83435,
282,"1,1'-Oxybis[2,3,4,5,6-pentabromobenzene]",1163-19-5,Flame retardant,86.97585,57.50785,63.2398,117.3435,1.036395,
283,Chloromethyl_methyl_ether,107-30-2,Solvent,312.3435,444.3065,461.488,201.3525,890.5425,
284,Thidiazuron,51707-55-2,Herbicide,457.056,10.03445,671.386,157.587,998.302,
285,Octanoic_acid,124-07-2,Chemical intermediate,694.8385,35.506,474.535,182.5815,861.7155,
286,"4,4'-Diamino-3,3'-dimethyldiphenylmethane",838-88-0,Chemical intermediate,43.4911,91.22005,60.0441,118.092,1182.435,
287,"1,2-Benzisothiazolin-3-one",2634-33-5,Microbiocide,79.73355,16.91145,19.49615,199.5145,909.908,
288,Benzal_chloride,98-87-3,Chemical intermediate,87.91895,743.1865,723.015,105.1085,808.567,
289,2-Butoxyethanol,111-76-2,Solvent,160.0505,654.5895,573.6675,225.484,812.264,
290,Propyzamide,23950-58-5,Herbicide,66.47045,76.4406,112.6165,59.7057,322.978,
291,Chlorendic_acid,115-28-6,Herbicide,854.512,43.13615,23.2349,182.0415,138.2125,
292,Dimethomorph,110488-70-5,Microbiocide,69.0414,1.436115,0.6892465,118.9845,320.0435,
293,Dimethenamid,87674-68-8,Herbicide,11.41805,110.5585,109.0795,143.073,352.7815,
294,"4,4',4''-Ethane-1,1,1-triyltriphenol",27955-94-8,Plasticizer,20.22885,1.32641,20.66815,85.16915,27.01915,
295,"Dipropyl_2,5-pyridinedicarboxylate",136-45-8,Pesticide,107.316,23.77725,58.32375,65.5055,15.68715,
296,Perfluoroundecanoic_acid,2058-94-8,Surfactant,700.4415,265.66,402.041,144.979,344.6495,
297,Resorcinol,108-46-3,Chemical intermediate,497.0055,379.0255,667.0575,141.1935,366.753,
298,Nitrofurantoin,67-20-9,Pharmaceutical,736.635,6.308855,959.676,180.0295,1186.965,
299,Benzyl-C8-18-alkyldimethylammonium_chlorides,63449-41-2,Microbiocide,19.20525,0.0812563,0.2399505,105.107,1.96594,
300,Pentadecane,629-62-9,Solvent,248.018,220.435,469.9315,244.9465,439.962,
301,"N,N-Dimethylaniline",121-69-7,Chemical intermediate,23.45855,222.1615,393.079,123.8785,459.6375,
302,2-Methoxy-5-methylaniline,120-71-8,Chemical intermediate,126.66,856.1835,753.9275,100.1408,129.4325,
303,Propofol,2078-54-8,Pharmaceutical,97.09895,23.36945,134.5415,150.257,176.843,Known
304,"2,5-Dimethyl-2,5-di-(tert-butylperoxy)hexane",78-63-7,Plasticizer,75.90735,818.816,796.2535,138.365,55.1809,
305,Imazaquin,81335-37-7,Herbicide,0.03306665,0.01958475,0.0219037,203.93,887.2115,
306,(6)-Gingerol,23513-14-6,Food flavor fragrance,20.47425,127.4305,103.553,147.271,1082.265,
307,"2,4-Dihydroxybenzophenone",131-56-6,Plasticizer,64.64155,44.6894,27.3468,81.61115,679.173,
308,"2,4-Dimethylphenol",105-67-9,Food flavor fragrance,17.3264,349.0255,646.762,209.6185,1131.785,
309,Benzyl_alcohol,100-51-6,Food flavor fragrance,19.8245,782.984,789.89,158.106,1146.865,
310,CJ-013610,249296-43-3,Pharmaceutical,0.004106575,20.8917,23.96245,70.19955,25.50265,
311,2-Ethoxyethanol,110-80-5,Solvent,11.0335,601.467,187.8245,180.412,808.8235,
312,Sodium_saccharin_hydrate,82385-42-0,Food flavor fragrance,4.073475,568.5105,437.9495,220.33,537.7555,
313,Nitrilotriacetic_acid,139-13-9,Chemical intermediate,379.1235,611.8195,293.008,90.09405,636.2805,
314,"1,4-Dibromobenzene",106-37-6,Chemical intermediate,149.267,548.796,502.3935,205.927,268.7205,
315,Propylparaben,94-13-3,Microbiocide,51.05545,88.81915,133.9985,112.873,213.731,
316,Sucrose_octaacetate,126-14-7,Food flavor fragrance,101.6485,647.187,829.298,167.6955,331.9725,
317,Bis(2-ethylhexyl)_nonanedioate,103-24-2,Plasticizer,336.3365,496.32,739.7765,177.9535,270.647,
318,"1,5-Naphthalenediamine",2243-62-1,Chemical intermediate,21.16735,0.729557,16.5715,65.00035,457.346,
319,2-Methoxyethanol,109-86-4,Solvent,609.3,362.9495,888.6465,216.2005,575.5035,
320,Phenothiazine,92-84-2,Chemical intermediate,12.1001,133.6105,121.1775,126.988,185.6395,
321,Aspirin,50-78-2,Pharmaceutical,229.7565,549.85,778.845,202.6275,1026.205,
322,Styrene_oxide,96-09-3,Chemical intermediate,582.666,369.4455,769.629,148.177,363.337,
323,Diisopropyl_methylphosphonate,1445-75-6,Chemical intermediate,26.346,695.9135,615.3485,116.85,318.136,
324,Octadecanoic_acid,57-11-4,Food flavor fragrance,595.629,335.6225,319.209,146.7915,908.2595,
325,2-Methylaniline,95-53-4,Chemical intermediate,233.6495,564.689,895.0295,256.848,160.184,
326,Dapsone,80-08-0,Pharmaceutical,61.86625,0.6580845,1.98674,126.2155,112.925,
327,Azamethiphos,35575-96-3,Pesticide,94.00655,0.266123,1.79059,71.3906,774.974,
328,Imazapic,104098-48-8,Herbicide,254.6525,19.0089,19.6635,254.8795,1007.1705,
329,Ammonium_carbamate,1111-78-0,Chemical intermediate,37.94885,43.4376,624.998,189.0425,1329.23,
330,Diphenyl_isophthalate,744-45-6,Plasticizer,847.592,0.429489,868.6625,155.9165,1134.555,
331,Cyproconazole,94361-06-5,Microbiocide,15.20145,47.9396,111.7255,101.598,1248.35,
332,Methyl_isothiocyanate,556-61-6,Pesticide,245.917,18.00055,30.21225,159.2215,992.4355,
333,4-tert-Butylphenol,98-54-4,Plasticizer,87.2908,23.2097,119.9305,122.0985,1191.53,
334,Isoproterenol_hydrochloride,51-30-9,Pharmaceutical,0.000305481,894.6315,1161.85,79.4872,1165.285,Drug has a Special Risk for patients with congenital Long QT
335,Monobutyl_phthalate,131-70-4,Plasticizer,12.4114,505.008,892.136,142.7935,1062.85,
336,p-Cymene,99-87-6,Food flavor fragrance,60.2922,9.37095,623.0795,146.6245,1063.05,
337,Dazomet,533-74-4,Herbicide,482.8295,24.8686,20.56815,126.9745,1108.475,
338,FD&C_Blue_No._1,3844-45-9,Dye,805.28,16.30595,29.65945,145.4255,809.371,
339,Diethanolamine,111-42-2,Surfactant,66.42475,0.0199346,581.3325,211.3035,1235.435,
340,Triethyl_citrate,77-93-0,Plasticizer,150.7605,756.1385,492.9425,129.9545,896.8495,
341,Butanoic_acid,107-92-6,Food flavor fragrance,69.4549,230.6895,751.9205,161.198,1164.545,
342,Phenylmercuric_acetate,62-38-4,Microbiocide,0.005427075,17.83,23.1234,61.12725,295.704,
343,Phenol_red,143-74-8,Dye,74.68655,57.50485,108.769,138.9015,1042.46,
344,Ziram,137-30-4,Microbiocide,18.4338,0.166894,8.475695,51.73095,17.9164,
345,Z-Tetrachlorvinphos,22248-79-9,Pesticide,12.92605,14.5354,13.0452,62.2518,933.6855,
346,2-Butanone_oxime,96-29-7,Chemical intermediate,539.153,245.8025,873.686,151.423,296.817,
347,Azathioprine,446-86-6,Pharmaceutical,24.95955,119.7135,130.8685,121.941,130.4445,
348,Benzophenone,119-61-9,Food flavor fragrance,56.69555,12.97945,4.474865,146.455,278.555,
349,2-Mercaptobenzothiazole,149-30-4,Microbiocide,35.4705,168.174,377.2235,195.3485,924.856,
350,PK_11195,85532-75-8,Pharmaceutical,25.63435,1.195585,14.7073,76.097,617.1575,
351,Triphenyl_phosphite,101-02-0,Chemical intermediate,330.9995,179.731,596.996,168.584,370.5035,
352,"(2Z)-3,7-Dimethylocta-2,6-dien-1-ol",106-25-2,Food flavor fragrance,18.4985,179.3845,691.5425,167.9755,665.615,
353,Ethylene_thiourea,96-45-7,Chemical intermediate,257.7405,0.1693075,854.558,150.259,727.2555,
354,Cycloheximide,66-81-9,Microbiocide,161.0075,662.952,884.5505,194.4285,754.524,
355,4-Aminofolic_acid,54-62-6,Pesticide,21.24275,25.5463,399.5665,172.8305,157.9695,
356,Hexachlorophene,70-30-4,Pesticide,0.000367911,23.02735,18.07785,75.56555,1.19674,
357,2-tert-Butylphenol,88-18-6,Chemical intermediate,0.000186175,89.1489,26.46745,69.17795,116.794,
358,Chlorpropham,101-21-3,Herbicide,2.432485,60.7405,122.8335,104.885,54.6417,
359,delta-Hexachlorocyclohexane,319-86-8,Pesticide,59.64705,0.2570545,107.3865,226.8425,11.59005,
360,Diflubenzuron,35367-38-5,Pesticide,404.656,282.8395,738.511,194.5665,79.38045,
361,Rifampicin,13292-46-1,Pharmaceutical,873.4885,0.00608347,333.878,177.841,233.0355,
362,Fluometuron,2164-17-2,Herbicide,92.4188,328.746,485.0375,111.476,159.1135,
363,Tepraloxydim,149979-41-9,Herbicide,366.6435,362.7845,249.693,135.726,623.331,
364,Phenazone,60-80-0,Pharmaceutical,469.9425,223.0505,698.7485,161.991,554.7695,
365,"1,2-Phenylenediamine",95-54-5,Chemical intermediate,136.25,0.564486,47.32085,122.1625,281.6975,
366,"4-(1,1,3,3-Tetramethylbutyl)phenol",140-66-9,Chemical intermediate,14.18315,9.70837,19.7494,78.20845,24.9016,
367,Butyl_benzoate,136-60-7,Food flavor fragrance,144.619,100.30555,752.327,141.175,312.3395,
368,2-tert-Butyl-4-methoxyphenol,121-00-6,Microbiocide,4.291865,121.727,73.01105,130.242,632.074,
369,Butylparaben,94-26-8,Microbiocide,20.26505,0.5197495,13.24335,54.24685,155.2435,
370,Famotidine,76824-35-6,Pharmaceutical,0.01828125,0.0224367,0.02710775,134.91,534.572,Conditional
371,Quinalphos,13593-03-8,Pesticide,2.98668,65.4117,97.6629,104.5365,579.889,
372,Triisononyl_trimellitate,53894-23-8,Plasticizer,718.8355,3.568685,33.8322,96.2788,396.083,
373,Di(propylene_glycol)_dibenzoate,27138-31-4,Plasticizer,4.19681,28.0409,101.045,71.32645,183.5375,
374,Diazoxon,962-58-3,Pesticide,392.7115,195.909,709.5345,210.825,319.043,
375,Ethylene_glycol,107-21-1,Chemical intermediate,608.2575,264.76,568.349,180.5405,935.212,
376,2-Ethyl-1-hexanol,104-76-7,Chemical intermediate,544.9525,139.5235,478.706,247.6105,351.1015,
377,"2,4-Dinitrotoluene",121-14-2,Chemical intermediate,567.4475,1.415545,2.257075,216.1045,476.8995,
378,Didecyldimethylammonium_chloride,7173-51-5,Microbiocide,18.80135,0.06464935,0.2724515,97.082,1.063545,
379,3-Hydroxyfluorene,6344-67-8,PAH,14.27735,105.841,135.819,180.1925,33.33165,
380,Dexamethasone,50-02-2,Pharmaceutical,112.6785,527.945,852.133,173.7215,144.232,
381,Potassium_perfluorobutanesulfonate,29420-49-3,Flame retardant,806.501,4.008515,462.203,152.61,254.0435,
382,Deisopropylatrazine,1007-28-9,Herbicide,12.722,399.83,758.6895,178.5845,156.8805,
383,Zamifenacin,127308-82-1,Pharmaceutical,14.15455,0.1242295,0.81107,52.349,10.78605,
384,Tebufenpyrad,119168-77-3,Pesticide,1.7291,0.000248437,0.315506,55.49835,8.611795,
385,Strychnine,57-24-9,Pesticide,512.087,0.243824,3.189605,329.0185,905.131,
386,Tribufos,78-48-8,Pesticide,0.6136245,510.101,242.441,150.134,563.542,
387,Aldicarb,116-06-3,Pesticide,573.498,3.57066,536.02,197.811,120.96,
388,Trifloxystrobin,141517-21-7,Microbiocide,16.8092,8.08535,19.45305,127.6505,153.2585,
389,Oxytetracycline_hydrochloride,2058-46-0,Pharmaceutical,1002.573,0.2036765,216.7785,255.3405,1238.915,
390,Dibenzofuran,132-64-9,Food flavor fragrance,81.0002,35.6731,95.58215,183.0905,461.9565,
391,Clopyralid,1702-17-6,Herbicide,269.0935,0.0543797,441.3705,134.524,28.6121,
392,Isophorone,78-59-1,Solvent,292.6305,275.8135,493.594,177.9075,418.7155,
393,Metoprolol,51384-51-1,CiPA pharmaceutical,88.4072,11.49525,89.3631,131.9665,347.2665,
394,Zileuton,111406-87-2,Pharmaceutical,115.3675,0.5628415,67.37105,95.51335,689.2285,
395,Diltiazem_hydrochloride,33286-22-5,CiPA pharmaceutical,0.009444785,9.24662,12.50015,77.61955,580.6975,Conditional
396,Glycidyl_trimethylammonium_chloride,3033-77-0,Surfactant,663.4285,0.000389663,0.0532429,347.639,1247.67,
397,Sulfotepp,3689-24-5,Pesticide,9.843415,43.91805,123.2845,63.001,222.804,
398,Diethyl_phthalate,84-66-2,Plasticizer,82.55075,58.88565,105.5885,94.1068,1120.24,
399,Isophorone_diisocyanate,4098-71-9,Chemical intermediate,98.03175,0.0093721,105.5215,87.8821,114.8875,
400,"3,3'-Dimethylbenzidine",119-93-7,Chemical intermediate,56.81785,71.322,98.31965,113.7945,795.146,
401,Terbacil,5902-51-2,Herbicide,103.474,25.438,116.9485,124.0635,85.1626,
402,Dimethoate,60-51-5,Pesticide,62.77995,80.145,112.595,127.655,1502.76,
403,Bifenazate,149877-41-8,Pesticide,472.741,3.49279,719.008,167.4975,105.8775,
404,Monocrotophos,6923-22-4,Pesticide,791.055,0.03399055,0.328733,187.19,1134.13,
405,Quinoxyfen,124495-18-7,Herbicide,8.313785,15.27835,22.35715,89.5365,1045.23,
406,Tridemorph,24602-86-6,Microbiocide,29.73355,79.30955,126.1775,147.0715,111.3295,
407,"2-Methyl-2,4-pentanediol",107-41-5,Solvent,367.908,0.4110565,713.624,253.9755,457.7795,
408,Allyl_alcohol,107-18-6,Chemical intermediate,525.049,20.67715,21.60035,184.169,1071.695,
409,"Adipic_acid,_polypropyleneglycol,_laurate",66456-53-9,Surfactant,34.7049,250.0525,695.359,180.477,29.9657,
410,Triadimenol,55219-65-3,Microbiocide,5.229055,117.5525,105.2255,107.159,1124.83,
411,Myclobutanil,88671-89-0,Pesticide,2.433855,24.9021,1.5134,160.8645,1.926115,
412,Thiobencarb,28249-77-6,Herbicide,10.94345,9.513715,25.69865,69.8111,34.87725,
413,DEET,134-62-3,Pesticide,525.0985,124.6925,795.92,133.75,343.185,
414,EPTC,759-94-4,Herbicide,771.3615,0.04189245,21.80825,151.2815,635.9665,
415,Thiram,137-26-8,Microbiocide,2.368075,0.0868279,0.650886,102.44385,17.25445,
416,"2,6-Dimethylaniline",87-62-7,Chemical intermediate,138.835,0.0101217,697.9715,163.219,652.102,
417,Methyl_ethyl_ketone,78-93-3,Food flavor fragrance,724.7995,141.665,473.8205,141.9645,1163.035,
418,all-trans-Retinoic_acid,302-79-4,Pharmaceutical,0.078902,146.9365,139.283,139.8645,1222.61,
419,Genistein,446-72-0,Food flavor fragrance,13.7108,119.873,95.4257,98.49125,949.328,
420,Triphenyl_phosphate,115-86-6,Flame retardant,21.08035,3.015505,14.36925,113.7955,498.7755,
421,"N,N-Dimethyloctylamine",7378-99-6,Chemical intermediate,545.8775,0.0802353,11.31155,207.95,280.7265,
422,Tri-allate,2303-17-5,Herbicide,2.05607,0.714174,677.8055,110.1415,385.9335,
423,"2,2',4,4'-Tetrahydroxybenzophenone",131-55-5,Food flavor fragrance,41.27495,51.66555,101.249,75.05335,130.576,
424,Triethylene_glycol_dimethyl_ether,112-49-2,Solvent,772.7575,0.196447,785.8385,162.3315,151.1955,
425,Cladribine,4291-63-8,Pharmaceutical,17.1696,604.8735,836.939,163.783,77.42455,
426,Fluroxypyr-meptyl,81406-37-3,Herbicide,8.152955,119.0415,135.24,110.6265,463.624,
427,Tetraconazole,112281-77-3,Microbiocide,14.09365,8.703485,21.58365,114.7895,12.33285,
428,Aldicarb_oxime,1646-75-9,Pesticide,408.3525,396.3295,654.38,127.6355,1387.27,
429,N-Ethyl-3-methylaniline,102-27-2,Chemical intermediate,40.2778,0.499034,691.31,214.4815,1089.635,
430,Methacrylonitrile,126-98-7,Chemical intermediate,498.3275,0.124611,882.1955,139.986,913.6225,
431,Butam,35256-85-0,Herbicide,92.98365,0.715549,0.3573895,166.042,514.6575,
432,Chlorpromazine_hydrochloride,69-09-0,CiPA pharmaceutical,7.95376,17.8475,1.419275,93.12,11.96535,Known
433,Clove_leaf_oil,8000-34-8,Food flavor fragrance,3.571375,79.00695,121.4425,88.8657,244.195,
434,Symclosene,87-90-1,Herbicide,23.48865,170.255,847.7475,124.19,242.2065,
435,Diethylstilbestrol,56-53-1,Pharmaceutical,0.0216361,0.0208871,0.0208111,52.69045,14.96105,
436,"Fenpyroximate_(Z,E)",111812-58-9,Pesticide,0.0130072,0.02323615,0.02385325,61.08945,2.94E-05,
437,Bensulide,741-58-2,Herbicide,18.5217,4.66501,13.745,84.01495,18.6428,
438,Iodosulfuron-methyl-sodium,144550-36-7,Herbicide,544.5535,0.0249416,544.8695,261.7405,961.734,
439,Fenoxaprop-P-ethyl,71283-80-2,Herbicide,122.8055,0.9485845,16.38775,116.8065,571.636,
440,3'-Azido-3'-deoxythymidine,30516-87-1,Pharmaceutical,128.58,256.396,55.6711,154.221,997.0775,
441,"1,2,3,4,5,6-Hexachlorocyclohexane",608-73-1,Pesticide,42.71435,51.23215,45.69245,66.57345,20.5218,
442,Butylphthalyl_butylglycolate,85-70-1,Plasticizer,67.43165,66.07395,85.5939,93.51005,463.784,
443,p-Cresol,106-44-5,Chemical intermediate,55.2995,255.366,558.5195,173.32,570.0775,
444,Diethylene_glycol_dimethyl_ether,111-96-6,Solvent,842.2005,0.5117825,546.1855,253.4705,57.5847,
445,Fipronil,120068-37-3,Pesticide,10.6894,7.362155,23.04095,114.863,4.869485,
446,Ibuprofen,15687-27-1,Pharmaceutical,838.7835,0.6611145,670.717,201.0215,54.62805,
447,Potassium_perfluorohexanesulfonate,3871-99-6,Flame retardant,583.6435,11.03505,604.8895,143.1245,641.9105,
448,N-Methyl-2-pyrrolidone,872-50-4,Solvent,154.1225,348.752,731.5475,172.9595,703.07,
449,Diethyl_sulfate,64-67-5,Chemical intermediate,25.7549,289.9955,690.932,147.4705,429.5465,
450,Dichlorprop,120-36-5,Herbicide,623.8935,8.607635,24.42265,280.1155,329.884,
451,Ethyl_heptanoate,106-30-9,Food flavor fragrance,150.9445,655.4095,28.13825,161.27,1124.205,
452,beta-Hexachlorocyclohexane,319-85-7,Pesticide,394.3695,253.586,851.6415,187.632,536.376,
453,"2,4,6-Trichlorophenol",88-06-2,Herbicide,696.0635,76.41935,6.643375,154.2165,766.597,
454,Fomesafen,72178-02-0,Herbicide,763.1675,1.69793,744.4905,205.8375,850.4385,
455,Triethylene_glycol_diacetate,111-21-7,Plasticizer,404.2275,6.60455,360.6685,213.587,857.5285,
456,"1,2-Dibromoethane",106-93-4,Chemical intermediate,142.3045,0.002214435,68.215,97.8603,13.9344,
457,Tacrine,321-64-2,Pharmaceutical,68.2433,0.1879845,0.2597255,161.974,84.87435,
458,Chlorpyrifos-methyl,5598-13-0,Pesticide,656.65,3.427415,33.9375,167.529,1071.03,
459,FD&C_Green_No._3,2353-45-9,Dye,643.1245,0.2088,665.134,264.53,647.622,
460,"p,p'-DDD",72-54-8,Pesticide,1.16099,39.80125,0.0170718,95.49455,26.3754,
461,"2,4-Di-tert-butylphenol",96-76-4,Chemical intermediate,1.98514,27.26,8.83866,124.14,19.4843,
462,"2,2'-Methylenebis(4-methyl-6-tert-butylphenol)",119-47-1,Chemical intermediate,2.19344,94.02225,33.6008,131.165,18.38325,
463,Quizalofop-ethyl,76578-14-8,Herbicide,29.20765,126.247,128.01,147.8685,1238.24,
464,"3,3'-Dimethoxybenzidine",119-90-4,Chemical intermediate,61.63575,72.63925,118.159,158.7115,940.3365,
465,Glybenclamide,10238-21-8,Pharmaceutical,119.271,1.836925,97.14495,161.2955,1195.37,
466,"4,4'-Dibromodiphenyl_ether",2050-47-7,Flame retardant,1.856385,669.201,896.4005,200.0095,210.1,
467,Cyclosporin_A,59865-13-3,Pharmaceutical,67.60195,19.764,5.484555,101.8865,757.4505,
468,Nicotine,54-11-5,Food flavor fragrance,354.493,204.9495,891.6435,202.5315,463.3235,
469,"1H,1H,2H,2H-Perfluorooctyl_iodide",2043-57-4,Surfactant,390.913,256.8295,352.8885,163.6005,321.987,
470,MEHP,4376-20-9,Plasticizer,375.8925,316.538,744.573,146.3475,1099.09,
471,Fluoranthene,206-44-0,PAH,29.302,96.50505,95.61405,130.5025,766.859,
472,Ethanolamine,141-43-5,Chemical intermediate,109.291,704.0875,1058.055,196.306,1224.555,
473,Urethane,51-79-6,Chemical intermediate,19.2088,757.952,764.324,126.9475,831.1855,
474,Methoxyfenozide,161050-58-4,Pesticide,3.956875,51.40015,48.52935,78.30145,794.161,
475,10-Undecenoic_acid,112-38-9,Microbiocide,75.8622,61.4851,29.69905,92.0766,1006.55,
476,Denatonium_saccharide,90823-38-4,Pesticide,11.27245,13.1158,21.25925,101.8475,112.4335,
477,"1,2-Dimethyl-4-nitrobenzene",99-51-4,Chemical intermediate,18.48895,1.54732,7.59525,101.9475,2.88465,
478,Perfluoroheptanoic_acid,375-85-9,Surfactant,749.976,0.00163901,715.4975,167.765,163.326,
479,Resveratrol,501-36-0,Food flavor fragrance,116.024,0.0325429,78.92655,114.4345,237.641,
480,"1,3-Diisopropylbenzene",99-62-7,Solvent,412.919,12.33585,3.440875,174.1795,62.1613,
481,Perfluorononanoic_acid,375-95-1,Surfactant,944.5125,0.009052885,2.419705,324.3435,368.1425,
482,Bromophenol_blue,115-39-9,Dye,631.0915,1.52159,0.2561755,249.087,758.568,
483,Tamoxifen_citrate,54965-24-1,CiPA pharmaceutical,2.12295,5.023835,0.155747,57.36535,92.9689,
484,"4-Nonylphenol,_branched",84852-15-3,Surfactant,7.0997,13.5953,6.10783,79.09195,15.85055,
485,Fluroxypyr,69377-81-7,Herbicide,828.8185,60.8761,742.0485,133.105,435.8325,
486,Zoxamide,156052-68-5,Microbiocide,18.4836,2.640925,22.5156,104.3075,15.96645,
487,Oxadiazon,19666-30-9,Herbicide,1.442465,55.07555,86.04645,79.6533,25.493,
488,Bis(2-ethylhexyl)_decanedioate,122-62-3,Plasticizer,242.794,776.5735,614.767,138.533,48.37995,
489,Mecoprop,93-65-2,Herbicide,690.2695,163.676,456.9965,234.8055,164.93,
490,p-Xylenol_blue,125-31-5,Dye,45.97335,38.29225,57.3948,133.572,261.4035,
491,Fenamiphos,22224-92-6,Pesticide,8.433815,14.2367,23.2615,99.66795,341.929,
492,Norflurazon,27314-13-2,Herbicide,50.46815,64.3989,95.5491,178.897,537.7645,
493,Furosemide,54-31-9,Pharmaceutical,201.3975,681.4085,781.823,140.246,1084.01,Conditional
494,Sodium_dodecyl_sulfate,151-21-3,Surfactant,129.1015,6.609635,105.02,94.64535,1050.32,
495,Phenolphthalein,77-09-8,Dye,3.16674,80.0895,6.47607,98.3953,16.20195,
496,Procymidone,32809-16-8,Microbiocide,9.532015,140.102,91.8366,137.0315,745.8395,
497,Terbutylazine,5915-41-3,Herbicide,1.98793,128.7155,2.335865,136.2755,881.0895,
498,N-Methyldioctylamine,4455-26-9,Chemical intermediate,452.0115,4.92827,4.606185,179.635,240.0875,
499,Aldrin,309-00-2,Pesticide,4.92853,304.9595,427.0845,146.916,206.16,
500,2-Ethoxyethyl_acetate,111-15-9,Solvent,0.0243187,0.0183829,0.0175376,117.329,104.692,
501,Nitrofurazone,59-87-0,Microbiocide,25.67475,0.001820395,460.8715,156.815,665.335,
502,1-Hexadecanol,36653-82-4,Food flavor fragrance,822.2305,0.00167404,523.561,151.2995,388.9615,
503,Cyazofamid,120116-88-3,Microbiocide,19.19355,0.00512217,24.0141,72.51495,0.881875,
504,CP-122721,145742-28-5,Pharmaceutical,6.091605,0.7590155,5.707715,46.6719,18.04075,
505,Potassium_perfluorooctanesulfonate,2795-39-3,Surfactant,30.441,0.02158575,582.5055,218.8975,540.398,
506,Benzotrichloride,98-07-7,Chemical intermediate,683.1165,32.73515,544.1295,152.544,439.6945,
507,Iprodione,36734-19-7,Microbiocide,100.9935,27.21235,152.8855,116.94,209.139,
508,Oryzalin,19044-88-3,Herbicide,1.4373,20.17625,24.39135,71.0588,15.3281,
509,Icaridin,119515-38-7,Pesticide,35.62975,596.487,821.3525,175.074,145.1085,
510,Phosmet,732-11-6,Pesticide,130.8775,3.46919,80.4308,134.704,14.1861,
511,Octylbicycloheptenedicarboximide,113-48-4,Chemical intermediate,0.01738965,0.01948395,0.02372295,46.8529,688.6465,
512,Dicumyl_peroxide,80-43-3,Chemical intermediate,18.18405,72.74345,119.988,118.763,209.021,
513,"1,4-Benzoquinone",106-51-4,Chemical intermediate,23.1765,520.843,863.6825,179.305,417.709,
514,Tamoxifen,10540-29-1,Pharmaceutical,5.07264,130.589,77.1975,82.23345,710.6235,Possible
515,Carboxin,5234-68-4,Microbiocide,4.13596,115.4305,108.2065,106.493,1047.72,
516,Diniconazole,83657-24-3,Microbiocide,6.68769,18.4267,11.7285,71.5528,32.239,
517,Ethoprop,13194-48-4,Pesticide,2.655875,130.8975,134.4235,109.6655,781.0415,
518,Theophylline,58-55-9,Pharmaceutical,47.43705,682.5865,763.6555,223.8345,587.9335,
519,Biphenyl,92-52-4,Chemical intermediate,91.5325,28.31525,110.457,90.69955,471.39,
520,Phenol,108-95-2,Chemical intermediate,580.1355,178.1985,603.675,195.2585,342.601,
521,2-Ethylhexanoic_acid,149-57-5,Chemical intermediate,0.00219912,1010.74,0.0158149,126.6295,1282.16,
522,Novaluron,116714-46-6,Pesticide,0.00789526,699.0975,685.309,118.1405,1187.1,
523,Methimazole,60-56-0,Pharmaceutical,0.006095485,685.4375,237.9655,126.984,1325.5,
524,Paraoxon,311-45-5,Pesticide,0.00928945,145.2795,5.05768,108.432,901.9255,
525,Hydroxyflutamide,52806-53-8,Pharmaceutical,0.003824495,128.4205,35.7612,118.501,1182.915,
526,(E)-Anethole,4180-23-8,Food flavor fragrance,0.0436579,482.3045,682.7485,145.127,1248.005,
527,Nitrobenzene,98-95-3,Chemical intermediate,0.0576744,647.067,698.724,168.968,1176.49,
528,Nalidixic_acid,389-08-2,Pharmaceutical,0.0205924,719.861,349.854,164.947,1171.665,
529,Imazalil,35554-44-0,Microbiocide,0.00823261,1.74919,42.7313,48.897,19.89495,
530,Perfluorooctanoic_acid,335-67-1,Surfactant,0.00120416,967.0095,854.073,157.1015,966.99,
531,Hexaconazole,79983-71-4,Microbiocide,0.03664245,25.32535,12.88415,84.93045,19.7614,
532,Mifepristone,84371-65-3,Pharmaceutical,0.03184765,215.3785,318.076,119.3255,1098.62,Possible
533,Ametryn,834-12-8,Herbicide,0.00745217,87.0952,94.1519,87.41175,989.724,
534,Levonorgestrel,797-63-7,Pharmaceutical,0.1081505,444.186,850.357,174.0725,945.4225,
535,Tefluthrin,79538-32-2,Pesticide,0.02057575,0.000372668,0.294896,65.0868,1214.62,
536,"Tris(1,3-dichloro-2-propyl)_phosphate",13674-87-8,Flame retardant,0.0125671,26.56645,20.59725,72.81725,22.1395,
537,(-)-Epigallocatechin_gallate,989-51-5,Food flavor fragrance,0.01712305,136.0675,21.6098,132.496,18.48435,
538,Ethyl_phthalyl_ethyl_glycolate,84-72-0,Plasticizer,0.007129335,108.6865,0.04451275,144.926,1265.28,
539,Esfenvalerate,66230-04-4,Pesticide,2.08088,74.9079,0.1282475,116.6035,1269.805,
540,Buprofezin,69327-76-0,Pesticide,0.02053325,298.4685,0.007060845,104.269,1041.96,
541,4-Chloroaniline,106-47-8,Chemical intermediate,0.02307925,550.566,0.172102,173.922,1133.22,
542,Cresol,1319-77-3,Food flavor fragrance,0.00149562,150.378,11.5533,115.846,1208.885,
543,Dibutyl_adipate,105-99-7,Plasticizer,0.137323,623.0645,761.095,258.215,928.454,
544,N-Nitrosodibutylamine,924-16-3,Other,0.06936945,933.5825,736.568,176.366,919.644,
545,Acrylamide,79-06-1,Chemical intermediate,0.3224425,726.931,725.1675,120.8655,1086.395,
546,Indoxacarb,173584-44-6,Pesticide,0.3347575,80.6376,123.1205,92.19185,1267.845,
547,Tributyl_phosphate,126-73-8,Solvent,0.00662499,116.61,125.469,73.656,1184.325,
548,2-Chloro-N-phenylacetamide,587-65-5,Other,2.03577,448.107,580.792,212.0155,25.0588,
549,"2,3,6-Trimethylphenol",2416-94-6,Food flavor fragrance,0.157689,128.7305,122.972,82.34475,1149.94,
550,"N,N-Diethylaniline",91-66-7,Chemical intermediate,0.03932315,868.2185,659.703,143.811,1080.545,
551,"1,5,9-Cyclododecatriene",4904-61-4,Chemical intermediate,0.0294458,907.7695,894.522,194.1175,955.5345,
552,2-Methyl-1-propanol,78-83-1,Food flavor fragrance,0.01635185,875.1645,902.307,115.499,398.854,
553,Fluthiacet-methyl,117337-19-6,Herbicide,0.004827315,23.4171,22.75465,89.7248,484.3885,
554,Vinclozolin,50471-44-8,Microbiocide,0.01337205,164.2005,54.33285,85.80055,628.1335,
555,Permethrin,52645-53-1,Pesticide,1.510055,125.617,730.618,109.5215,525.624,
556,Maleic_hydrazide,123-33-1,Herbicide,0.0148748,838.8635,747.5595,94.62615,824.8975,
557,Octhilinone,26530-20-1,Pesticide,31.2931,80.8777,134.659,152.401,19.62275,
558,"Dodecylbenzene_sulfonate_triethanolamine(1,1)",27323-41-7,Surfactant,0.1707705,138.7805,28.4657,139.8545,1149.82,
559,Bisphenol_A,80-05-7,Plasticizer,0.1441375,108.242,108.2995,120.168,1348.81,
560,Diclosulam,145701-21-9,Herbicide,0.0277207,405.321,647.577,206.086,1093.695,
561,4-Dimethylaminoantipyrine,58-15-1,Pharmaceutical,0.2119945,844.443,708.9,159.3405,1054.485,
562,Diisobutyl_phthalate,84-69-5,Plasticizer,0.007466215,27.9329,0.310345,68.14855,21.3183,
563,Phenacetin,62-44-2,Pharmaceutical,0.005133,851.1735,776.369,128.3215,1104.33,
564,Chlorotrianisene,569-57-3,Pharmaceutical,0.000343557,91.61915,90.16325,116.3205,1006.31,
565,Bis(2-chloroethyl)_ether,111-44-4,Solvent,0.01849525,862.094,907.042,261.4745,1352.215,
566,3-Nitrotoluene,99-08-1,Chemical intermediate,0.3237025,781.831,787.259,112.9425,1388.685,
567,17-Methyltestosterone,58-18-4,Pharmaceutical,0.222486,95.6044,114.023,76.4535,993.7725,
568,Bisphenol_AF,1478-61-1,Plasticizer,0.0148104,137.5815,101.157,80.53385,21.30465,
569,Dimethyl_succinate,106-65-0,Chemical intermediate,0.00427667,941.0425,780.2525,171.714,1308.63,
570,Fenamidone,161326-34-7,Microbiocide,0.00556937,114.843,149.545,179.4865,1161.07,
571,Sodium_(2-pyridylthio)-N-oxide,3811-73-2,Microbiocide,0.3076755,680.23,199.469,178.76,1251.98,
572,Corticosterone,50-22-6,Pharmaceutical,0.003008375,172.132,126.17,145.047,936.984,
573,"1,4-Dichlorobenzene",106-46-7,Chemical intermediate,0.001796235,811.7525,847.296,97.1981,1180.37,
574,Dichlorophen,97-23-4,Microbiocide,0.01145745,19.21335,21.85105,128.5825,23.388,
575,Piperazine,110-85-0,Pesticide,0.003469785,698.3515,17.8797,111.4675,948.0225,
576,Gibberellic_acid,77-06-5,Herbicide,0.00220842,898.632,798.339,186.6105,1112.01,
577,"2,3-Dinitrotoluene",602-01-7,Chemical intermediate,0.00210461,145.502,109.179,120.4525,21.979,
578,Cinmethylin,87818-31-3,Herbicide,0.1108125,61.20065,113.499,91.5377,25.58195,
579,Isoxaflutole,141112-29-0,Herbicide,0.02696515,653.1955,790.08,166.9425,1273.525,
580,Propiconazole,60207-90-1,Microbiocide,0.1498035,23.86885,13.61795,127.347,22.91975,
581,Butachlor,23184-66-9,Herbicide,0.00542642,15.84865,22.1733,66.31145,23.22375,
582,1-Chloro-4-nitrobenzene,100-00-5,Chemical intermediate,0.131929,707.761,437.3225,99.0521,863.6295,
583,Pirimiphos-methyl,29232-93-7,Pesticide,0.006467065,77.6432,119.525,115.5795,956.0475,
584,Cyromazine,66215-27-8,Pesticide,0.00925223,775.289,25.7569,81.6236,1104.42,
585,1-Chloro-2-nitrobenzene,88-73-3,Chemical intermediate,1.04435,693.857,607.504,191.8615,956.058,
586,Bisphenol_E,2081-08-5,Plasticizer,0.0904004,136.426,109.684,105.5015,937.0915,
587,Dichlobenil,1194-65-6,Herbicide,7.27246,547.5165,521.625,171.149,983.6105,
588,Sulfentrazone,122836-35-5,Herbicide,633.819,11.9015,1.797525,176.1555,1410.275,
589,"7,12-Dimethylbenz(a)anthracene",57-97-6,PAH,8.65393,64.0189,1.56605,119.231,966.773,
590,1-Methoxy-2-propanol,107-98-2,Solvent,0.004270765,826.9225,845.7185,160.479,1181.17,
591,Hydrochlorothiazide,58-93-5,Pharmaceutical,13.98335,809.842,678.1435,187.4395,1088.39,Conditional
592,FR900409,138472-01-2,Pharmaceutical,0.0779672,902.8315,768.5535,149.84,1208.775,
593,2-Methoxy-5-nitroaniline,99-59-2,Chemical intermediate,19.3398,261.602,665.093,155.3105,954.217,
594,Dipropylene_glycol,25265-71-8,Solvent,0.105942,26.12195,18.38445,210.2015,1211.875,
595,Asulam,3337-71-1,Herbicide,4.328815,805.232,811.8065,131.1745,1146.255,
596,Oxyphenisatin,125-13-3,Pharmaceutical,0.000328961,51.0523,7.13892,97.82875,31.48265,
597,Lactofen,77501-63-4,Herbicide,2.200085,93.4363,138.086,108.9785,1293.845,
598,Octanal,124-13-0,Food flavor fragrance,0.8275475,772.175,561.616,160.907,1249.96,
599,Dichloroacetic_acid,79-43-6,Microbiocide,0.0374215,716.245,171.6005,113.7995,867.2265,
600,Acrylonitrile,107-13-1,Chemical intermediate,0.0820144,848.9825,757.808,141.71,1160.755,
601,Docusate_sodium,577-11-7,Pharmaceutical,33.51455,2.53759,2.20436,129.715,21.4631,
602,Sodium_dimethyldithiocarbamate,128-04-1,Microbiocide,22.18525,18.96655,1.124865,115.0425,1090.59,
603,Bisphenol_B,77-40-7,Plasticizer,0.617727,90.59985,122.1575,71.37115,23.7194,
604,Rotenone,83-79-4,Pesticide,0.03130815,0.02269295,0.0171804,39.02905,1.68E-06,
605,Acetochlor,34256-82-1,Herbicide,0.4883335,117.7465,87.72955,94.2346,19.4475,
606,Dichlorodiphenyltrichloroethane,50-29-3,Pesticide,0.8602735,224.318,0.0192181,201.68,1095.9,
607,Chlorpyrifos,2921-88-2,Pesticide,0.25887,141.6515,92.12415,142.474,1289.205,
608,Phorate,298-02-2,Pesticide,0.03674035,110.589,8.88815,149.0765,1097.45,
609,Pentachloronitrobenzene,82-68-8,Microbiocide,0.136798,708.2985,801.913,123.182,1023.15,
610,Boric_acid,10043-35-3,Pesticide,0.09399735,805.8395,837.526,201.783,996.381,
611,"1,3-Dibromo-5,5-dimethylhydantoin",77-48-5,Microbiocide,12.87455,636.1025,765.436,158.2395,1230.92,
612,Gemfibrozil,25812-30-0,Pharmaceutical,0.367871,915.135,843.309,271.5015,1173.3,
613,Fenpropathrin,39515-41-8,Pesticide,41.1297,1.51078,95.27485,189.689,1251.61,
614,"4,4'-Diaminobiphenyl_methane",101-77-9,Chemical intermediate,0.1209225,171.3845,86.27205,126.886,1421.835,
615,Ethion,563-12-2,Pesticide,18.33875,124.063,122.759,86.65385,694.701,
616,4-Cumylphenol,599-64-4,Chemical intermediate,0.03337515,21.43075,5.2688,76.8926,13.4246,
617,tert-Butyl_perbenzoate,614-45-9,Chemical intermediate,13.8055,131.954,102.488,96.0254,13.1868,
618,Mepiquat_chloride,24307-26-4,Herbicide,0.005879145,833.0805,776.8855,146.991,515.2155,
619,D-Limonene,5989-27-5,Food flavor fragrance,1.47631,747.362,209.2005,227.675,549.468,
620,Estrone,53-16-7,Pharmaceutical,2.93171,624.9805,669.6875,136.673,417.4925,
621,l-Tryptophan,73-22-3,Food flavor fragrance,6.43555,579.6925,719.45,167.3895,1082.435,
622,Diisobutyl_adipate,141-04-8,Plasticizer,3.49888,140.83,70.6629,88.01775,1114.89,
623,MCPA,94-74-6,Herbicide,1.820275,652.3975,780.839,100.0291,1012.34,
624,Methylprednisolone,83-43-2,Pharmaceutical,3.352695,135.0665,82.626,164.546,1230.495,
625,Pymetrozine,123312-89-0,Pesticide,0.9581615,756.346,704.9225,131.2355,912.167,
626,"4,4'-Sulfonylbis[2-(prop-2-en-1-yl)phenol]",41481-66-7,Other,0.5256985,58.8768,97.99825,102.1515,19.96045,
627,Dichlorvos,62-73-7,Pesticide,16.7517,743.739,338.21,117.02,1022.75,
628,Methoxychlor,72-43-5,Pesticide,0.04257505,57.80635,101.433,63.59125,84.54655,
629,Troglitazone,97322-87-7,Pharmaceutical,0.1561945,84.14545,125.0085,107.7865,14.433,
630,Flumetralin,62924-70-3,Herbicide,0.00506489,20.14045,24.29915,57.4896,1250.05,
631,Benz(a)anthracene,56-55-3,PAH,9.33495,647.9705,711.098,140.4905,974.679,
632,Geranyl_acetate,105-87-3,Food flavor fragrance,13.7985,116.7855,72.27115,144.3765,18.5578,
633,Tolcapone,134308-13-7,Pharmaceutical,97.1973,5.81905,125.3645,169.373,1361.75,
634,Bis(2-ethylhexyl)hexanedioate,103-23-1,Pharmaceutical,0.1084165,847.8445,565.946,150.9065,1016.475,
635,Pyrithiobac-sodium,123343-16-8,Herbicide,1.239115,844.2785,806.8595,125.7495,1171.06,
636,hifensulfuron_methyl,79277-27-3,Herbicide,21.8267,770.3465,746.3305,163.7925,929.546,
637,C.I._Solvent_Yellow_14,842-07-9,Dye,0.0916627,625.7765,856.879,104.549,1161.74,
638,Chlorhexidine_diacetate,56-95-1,Microbiocide,0.405606,26.68055,1.360555,69.7606,1123.275,
639,1-Dodecyl-2-pyrrolidinone,2687-96-9,Surfactant,0.333383,87.4442,141.6535,100.5299,78.7807,
640,Pentyl_acetate,628-63-7,Food flavor fragrance,0.149043,1009.415,789.769,157.5385,242.085,
641,Pentaerythritol_dibromide,3296-90-0,Flame retardant,0.002596165,790.6685,744.615,147.8165,912.9955,
642,Dicamba,1918-00-9,Herbicide,0.0290288,947.8855,793.987,128.27,954.2915,
643,Methyl_salicylate,119-36-8,Food flavor fragrance,0.00768605,711.1855,18.25245,135.179,902.8125,
644,"5,5-Dimethylhydantoin",77-71-4,Chemical intermediate,0.002233465,924.529,428.353,168.901,791.6575,
645,1-Benzylquinolinium_chloride,15619-48-4,Other,39.1509,10.3864,3.34635,130.609,1015.74,
646,"2,4-Dichlorophenol",120-83-2,Chemical intermediate,0.01789235,118.6375,9.430615,147.6485,886.162,
647,Triticonazole,131983-72-7,Microbiocide,0.2105955,135.71,0.00198294,125.6635,1105.35,
648,Nicotinic_acid,59-67-6,Food flavor fragrance,0.01465715,939.842,0.0115727,123.1575,1061.575,
649,Azoxystrobin,131860-33-8,Microbiocide,0.1059965,26.33755,0.0136937,65.83385,16.8885,
650,Coumaphos,56-72-4,Pesticide,3.951,667.713,0.45135,182.8205,1172.165,
651,4-Ethyloct-1-yn-3-ol,5877-42-9,Chemical intermediate,28.71,70.58545,110.9425,83.36055,697.6465,
652,Tannic_acid,1401-55-4,Food flavor fragrance,11.66615,586.1225,865.4575,113.2535,969.9315,
653,Captan,133-06-2,Pesticide,21.0594,580.51,59.5718,194.4775,770.354,
654,Fluoxastrobin,361377-29-9,Microbiocide,1.15436,120.5165,3.638125,82.09525,1347.295,
655,Fenoxaprop-ethyl,66441-23-4,Herbicide,0.0433021,122.5945,136.527,97.1182,1250.705,
656,tert-Butylbenzene,98-06-6,Solvent,1.521435,859.0845,742.576,161.2575,1147.425,
657,Fenbuconazole,114369-43-6,Microbiocide,10.2049,93.11985,0.07923465,134.2935,20.6177,
658,Phenmedipham,13684-63-4,Herbicide,0.264244,469.7985,831.157,170.848,1331.18,
659,Hexanoic_acid,142-62-1,Chemical intermediate,0.007545125,801.869,983.2775,222.0925,1142.41,
660,"1,2,3-Trichloropropane",96-18-4,Chemical intermediate,12.5928,941.33,820.4445,178.37,1226.345,
661,N-Nitrosodipropylamine,621-64-7,Other,0.567939,900.8535,642.4015,271.9225,1108.805,
662,Captafol,2425-06-1,Microbiocide,7.5584,109.484,89.0982,103.879,19.4259,
663,Ethylparaben,120-47-8,Microbiocide,0.02606505,133.342,80.6106,105.8505,934.6565,
664,4-(Butan-2-yl)phenol,99-71-8,Chemical intermediate,2.24773,112.439,75.4282,83.2409,34.4432,
665,Sodium_chlorite,7758-19-2,Microbiocide,0.6318895,726.037,873.397,167.528,1168.275,
666,Cyanamide,420-04-2,Chemical intermediate,0.02480425,30.17015,20.69425,98.4589,1275.375,
667,Cloprop,101-10-0,Herbicide,0.0458343,1000,783.0215,210.8675,1175.35,
668,"4,4'-Oxydianiline",101-80-4,Chemical intermediate,4.02181,127.8835,96.84095,111.296,824.172,
669,Heptanoic_acid,111-14-8,Food flavor fragrance,0.2124925,805.667,0.02133425,102.5965,976.115,
670,Malaoxon,1634-78-2,Pesticide,8.75023,598.476,247.5925,138.4435,143.3185,
671,Imidacloprid,138261-41-3,Pesticide,0.02205885,760.4815,0.08701475,129.746,966.867,
672,Pentaerythritol,115-77-5,Flame retardant,0.00198664,898.897,830.8505,164.4225,48.42055,
673,1-Tetradecanol,112-72-1,Chemical intermediate,0.00255406,922.3105,902.2795,137.816,700.0845,
674,Retinol,68-26-8,Pharmaceutical,3.34647,127.2915,134.345,116.4765,994.424,
675,Phenanthrene,85-01-8,PAH,2.791775,128.8255,93.1311,69.42635,1116.895,
676,Prochloraz,67747-09-5,Microbiocide,0.3435315,23.8266,2.022185,96.8378,18.27425,
677,Thiacloprid,111988-49-9,Pesticide,0.0141767,865.392,392.4415,192.3125,1230.035,
678,alpha-Isomethylionone,127-51-5,Food flavor fragrance,14.39685,623.839,685.053,159.969,1161.195,
679,Flusilazole,85509-19-9,Microbiocide,0.02083135,22.2594,5.61927,69.51745,18.7251,
680,Rhodamine_6G,989-38-8,Dye,2.77051,0.000326924,0.02056205,54.9369,1.9563,
681,Hexanedioic_acid,124-04-9,Food flavor fragrance,12.406,814.1185,757.684,163.3615,205.149,
682,Dicofol,115-32-2,Pesticide,0.951149,306.2345,230.126,141.6615,705.4805,
683,Myrcene,123-35-3,Food flavor fragrance,2.489995,677.1165,838.8425,167.8615,231.451,
684,Bromocresol_green_sodium_salt,62625-32-5,Dye,289.877,102.918,909.953,106.039,310.221,
685,Imazethapyr,81335-77-5,Herbicide,0.265385,804.5045,788.198,117.362,807.376,
686,Propham,122-42-9,Herbicide,1.184565,117.8935,33.0777,92.50815,812.3585,
687,"2,5-Furandione",108-31-6,Chemical intermediate,3.14786,750.8705,957.773,101.627,1386.26,
688,"1,2,4-Trimethylbenzene",95-63-6,Solvent,1.40722,885.2865,709.7985,189.6035,1202.21,
689,Isooctyl_acrylate,29590-42-9,Plasticizer,16.66835,826.495,693.5255,109.2905,1193.65,
690,Cycloate,1134-23-2,Herbicide,45.00115,92.11515,67.01735,87.76085,1349.985,
691,17alpha-Estradiol,57-91-0,Pharmaceutical,0.266957,107.8265,29.2852,142.5095,836.0065,
692,4-Nitrophenol,100-02-7,Chemical intermediate,621.7775,171.6175,657.1305,149.6565,798.882,
693,Dimethoxane,828-00-2,Microbiocide,0.002891675,998.4415,0.009539395,126.5535,1087.695,
694,Diphenhydramine_hydrochloride,147-24-0,Pharmaceutical,58.4108,2.539525,0.181615,82.22745,1363.49,Conditional
695,2-Phenoxyethanol,122-99-6,Food flavor fragrance,0.334458,981.5565,921.7055,155.931,1159.4,
696,Carbendazim,10605-21-7,Microbiocide,90.9038,654.4665,841.6395,199.817,1070.415,
697,Fenhexamid,126833-17-8,Microbiocide,24.224,114.059,122.804,143.099,917.9885,
698,Fluazinam,79622-59-6,Microbiocide,7.83169,0.733989,6.54123,77.27785,1.51015,
699,Tetramethrin,7696-12-0,Pesticide,18.4825,6.96323,18.0565,75.6684,856.78,
700,2-Phenylphenol,90-43-7,Pesticide,16.10685,0.1380445,0.25351,63.18955,65.7444,
701,Linuron,330-55-2,Herbicide,15.45045,97.7212,104.1815,144.373,1051.77,
702,Atrazine,1912-24-9,Herbicide,0.3776625,467.414,796.9075,150.411,1058.735,
703,Tebuthiuron,34014-18-1,Herbicide,6.64246,527.748,795.505,105.27,1200.825,
704,"2,2'-[Ethane-1,2-diylbis(oxy)]diethanamine",929-59-9,Chemical intermediate,5.03752,765.497,871.823,104.007,879.006,
705,Pimozide,2062-78-4,CiPA pharmaceutical,5.707935,0.00842776,0.000434409,61.68715,518.973,Known
706,Diclofenac,15307-86-5,Pharmaceutical,33.4094,84.8473,46.91965,55.7871,1120.61,
707,"3,4-Dimethylphenol",95-65-8,Food flavor fragrance,0.048315,461.9365,838.05,150.2945,778.9085,
708,Caffeine,58-08-2,Food flavor fragrance,7.494765,940.001,528.4855,135.518,1249.075,
709,Thiabendazole,148-79-8,Pesticide,19.7677,0.1215665,0.6042025,116.455,1.829625,
710,"1,3-Dichlorobenzene",541-73-1,Pesticide,0.006576455,841.649,435.3845,160.273,1169.22,
711,Tris(2-ethylhexyl)_trimellitate,3319-31-1,Plasticizer,0.4335095,890.4735,844.2225,163.0405,1107.715,
712,5alpha-Dihydrotestosterone,521-18-6,Pharmaceutical,0.417627,111.1685,101.505,79.16625,821.696,
713,Triamcinolone,124-94-7,Pharmaceutical,0.01061215,892.373,652.1255,199.0435,1129.7,
714,Prometryn,7287-19-6,Herbicide,0.241957,120.4835,98.92625,111.9935,1027.05,
715,"4,4'-(Isopropylidenebis(4,1-phenyleneoxy))dianiline",13080-86-9,Other,2.087985,96.97805,120.214,119.4985,26.35425,
716,Propyl_gallate,121-79-9,Food flavor fragrance,17.01205,29.5004,24.21835,161.8725,234.0085,
717,"1,2-Dimethyl-3-nitrobenzene",83-41-0,Chemical intermediate,140.0755,726.099,717.7555,120.1885,947.7325,
718,Ammonium_sulfamate,7773-06-0,Herbicide,0.00543948,109.6165,111.4535,89.902,1129.51,
719,Dicloran,99-30-9,Microbiocide,6.784825,827.8015,714.3495,146.836,1138.42,
720,Glycidol,556-52-5,Chemical intermediate,1.052065,134.013,108.979,127.4715,959.507,
721,Lovastatin,75330-75-5,Pharmaceutical,1.809865,110.52,176.005,86.3981,33.7487,
722,Diquat_dibromide_monohydrate,6385-62-2,Herbicide,3.14784,126.6025,117.8605,149.8955,1134.79,
723,Diazinon,333-41-5,Pesticide,15.35845,606.4615,855.468,175.0275,1007.37,
724,Clothianidin,210880-92-5,Pesticide,18.75035,627.9445,877.432,141.044,1004.715,
725,meso-Hexestrol,84-16-2,Pharmaceutical,34.6242,98.36525,115.254,116.3315,16.39335,
726,Oxytetracycline_dihydrate,6153-64-6,Pharmaceutical,47.5637,855.701,919.8625,173.8405,837.1495,
727,Propachlor,1918-16-7,Herbicide,32.22615,98.4532,134.1825,122.581,1329.36,
728,Tris(2-chloroethyl)_phosphate,115-96-8,Flame retardant,183.986,25.1627,10.12835,317.2865,1295.01,
729,Resmethrin,10453-86-8,Pesticide,34.04125,935.7645,1026.17,189.627,1164.19,
730,Silica,7631-86-9,Chemical intermediate,9.917165,770.0435,779.346,233.5405,1005.21,
731,Fenoxycarb,72490-01-8,Pesticide,0.06111755,137.725,98.2202,98.41695,19.3365,
732,"1,2-Dinitrobenzene",528-29-0,Chemical intermediate,0.498686,858.6645,772.8125,171.9795,1156.325,
733,Cyanazine,21725-46-2,Herbicide,2.194015,24.62135,75.13,114.353,2.048765,
734,Difenzoquat_metilsulfate,43222-48-6,Herbicide,19.04185,494.349,405.4105,147.8005,1008.59,
735,Michler's_ketone,90-94-8,Chemical intermediate,1.879995,58.2459,98.85235,103.3015,1032.945,
736,"N,N'-Methylenebisacrylamide",110-26-9,Chemical intermediate,49.9244,878.9975,575.8605,115.986,762.8725,
737,"2-Norbornene-5,6-dicarboxylic_anhydride",826-62-0,Food flavor fragrance,0.552183,118.0765,129.3755,134.5685,20.2025,
738,Monuron,150-68-5,Herbicide,67.07015,67.6267,129.457,168.935,19.38495,
739,Diethylene_glycol,111-46-6,Solvent,0.191783,381.746,886.177,165.8725,1248.065,
740,Prodiamine,29091-21-2,Herbicide,73.4397,1.10256,2.040285,150.24,19.5372,
741,Quinoline,91-22-5,Solvent,26.0007,95.8084,145.3995,152.5945,894.2055,
742,Hexachlorocyclopentadiene,77-47-4,Chemical intermediate,28.92125,712.7195,765.5135,145.729,1205.945,
743,Tralkoxydim,87820-88-0,Herbicide,105.864,735.433,901.814,157.928,956.1215,
744,Diallyl_phthalate,131-17-9,Plasticizer,13.54085,833.9865,824.9375,222.005,1210.33,
745,Carbaryl,63-25-2,Pesticide,1.844085,1000,728.4765,154.265,805.823,
746,"N-Phenyl-1,4-benzenediamine",101-54-2,Chemical intermediate,0.03044045,375.0345,780.671,108.5155,521.43,
747,Difenoconazole,119446-68-3,Microbiocide,66.7535,353.062,515.173,209.4345,790.016,
748,Perfluorooctanesulfonic_acid,1763-23-1,Surfactant,15.81485,154.8455,598.4915,195.669,20.9234,
749,Azinphos-methyl,86-50-0,Pesticide,6.54286,103.54,129.7685,98.9966,958.1725,
750,Famoxadone,131807-57-3,Microbiocide,2.651455,131.212,128.8465,121.031,969.188,
751,Colchicine,64-86-8,Pharmaceutical,5.22783,110.837,118.3445,77.4218,940.08,
752,Ethofumesate,26225-79-6,Herbicide,53.7986,2.18401,0.7475905,147.2375,603.5215,
753,Clomazone,81777-89-1,Herbicide,0.3032595,24.0296,21.66305,66.77915,20.68065,
754,Levothyroxine,51-48-9,Pharmaceutical,37.16315,432.5585,16.8832,110.518,1180.465,
755,Folic_acid,59-30-3,Food flavor fragrance,99.2238,24.23695,13.79065,106.2585,26.5465,
756,Propamocarb_hydrochloride,25606-41-1,Pesticide,33.8177,105.0235,105.0045,97.7554,42.72965,
757,"2,6-Di-tert-butylphenol",128-39-2,Chemical intermediate,73.19055,725.53,0.03316735,172.305,515.6575,
758,Vernolate,1929-77-7,Herbicide,0.561865,144.881,89.06675,144.426,634.931,
759,"o,p'-DDT",789-02-6,Pesticide,1.146855,107.6395,0.05115715,98.1388,1178.15,
760,Perfluorodecanoic_acid,335-76-2,Solvent,2.204815,71.1657,106.8235,84.6322,723.3475,
761,Pyrene,129-00-0,PAH,361.2215,583.201,478.122,160.1855,918.1355,
762,Fosthiazate,98886-44-3,Pesticide,805.5045,18.66605,37.1593,137.3285,1173.805,
763,Isoeugenol,97-54-1,Food flavor fragrance,97.6561,44.35025,120.9015,116.325,1054.595,
764,Bentazone,25057-89-0,Herbicide,92.50625,924.277,868.1505,183.495,936.2635,
765,Metolachlor,51218-45-2,Herbicide,0.9361745,102.149,88.98705,90.8533,1147.425,
766,Acifluorfen,50594-66-6,Herbicide,756.21,284.407,893.509,159.8215,1018.06,
767,Dithiopyr,97886-45-8,Herbicide,86.45605,57.83995,82.2517,83.75985,1135.23,
768,Aldoxycarb,1646-88-4,Pesticide,1.85505,115.596,112.7385,192.5385,1015.21,
769,Naled,300-76-5,Pesticide,0.1765945,135.8605,128.356,106.7025,758.8855,
770,Candoxatril,123122-55-4,Pharmaceutical,1.14556,893.8285,808.051,180.7975,650.3445,
771,Acetyl_tributyl_citrate,77-90-7,Food flavor fragrance,1.440185,85.84615,149.808,105.807,403.8925,
772,Malic_acid,6915-15-7,Food flavor fragrance,95.238,847.772,750.8275,179.5155,887.492,
773,Diethylene_glycol_dibenzoate,120-55-8,Plasticizer,3.18716,201.9355,858.5035,119.38,1236.92,
774,Etoxazole,153233-91-1,Pesticide,94.2338,716.936,686.1785,183.991,1089.055,
775,"2,3-Diaminotoluene",2687-25-4,Chemical intermediate,6.608895,115.8395,121.367,153.7325,19.0935,
776,Benodanil,15310-01-7,Microbiocide,17.2095,847.118,935.113,139.157,859.7365,
777,Ranitidine,66357-35-5,Pharmaceutical,1.29766,92.87485,116.797,201.0005,949.892,
778,Thiamethoxam,153719-23-4,Pesticide,830.333,134.358,637.2095,264.341,1097.165,
779,Methyl_parathion,298-00-0,Pesticide,3.105335,111.0965,107.619,114.9145,724.913,
780,Anthracene,120-12-7,Chemical intermediate,0.584419,24.51755,22.3503,60.47595,727.717,
781,Lindane,58-89-9,Pesticide,58.29905,1.502695,1.735665,121.8225,882.137,
782,Acetaminophen,103-90-2,Pharmaceutical,0.2712015,854.442,808.492,162.2305,862.9375,
783,Naproxen,22204-53-1,Pharmaceutical,315.9295,28.69655,22.07755,170.0885,1216.525,
784,Butylate,2008-41-5,Herbicide,625.0925,29.22765,23.4995,134.7295,1085.67,
785,Dimethyl_sulfate,77-78-1,Chemical intermediate,186.7365,37.8461,24.0564,164.2255,1131.705,
786,N-Vinyl-2-pyrrolidone,88-12-0,Chemical intermediate,15.0605,0.307314,0.3116985,209.995,1390,
787,Darbufelone_mesylate,139340-56-0,Pharmaceutical,54.6852,2.36045,2.175525,105.5585,18.7895,
788,Triclopyr,55335-06-3,Herbicide,34.56705,149.6485,515.5495,159.537,1101.165,
789,1-Undecanol,112-42-5,Food flavor fragrance,40.5738,97.99435,145.5,118.06,1154.915,
790,Bicalutamide,90357-06-5,Pharmaceutical,2.999105,23.48825,18.58185,75.15295,23.4043,Possible
791,Flumetsulam,98967-40-9,Herbicide,10.90535,32.4761,27.02495,126.3665,1353.955,
792,m-Cresol,108-39-4,Chemical intermediate,24.4114,443.1025,703.5745,146.0775,1073.56,
793,Tolbutamide,64-77-7,Pharmaceutical,8.11941,126.433,111.0905,131.867,525.861,
794,Benomyl,17804-35-2,Microbiocide,8.183235,16.90645,12.35515,79.96025,821.8885,
795,"2,4,5-Trichlorophenol",95-95-4,Microbiocide,4.4662,99.8696,4.68247,127.027,1184.225,
796,"1,3-Dinitrobenzene",99-65-0,Chemical intermediate,6.16088,71.5837,85.81015,92.67665,1089.625,
797,Triclosan,3380-34-5,Microbiocide,0.2470295,0.00579435,11.28275,80.9743,17.33235,
798,Physostigmine,57-47-6,Pharmaceutical,618.6405,188.862,4.633845,168.9355,1094.365,
799,Acetic_acid,64-19-7,Chemical intermediate,308.3195,1.611025,1.083015,145.107,1370.64,
800,3-Pyridinecarbonitrile,100-54-9,Chemical intermediate,582.385,0.00250114,0.000262133,174.8985,1280.565,
801,Dimethylcarbamoyl_chloride,79-44-7,Chemical intermediate,112.1145,716.9485,14.25415,230.1455,917.5505,
802,Urea,57-13-6,Food flavor fragrance,25.99695,116.834,92.81345,112.143,958.374,
803,Hydroquinone,123-31-9,Chemical intermediate,0.927064,156.877,543.147,90.0832,18.4295,
804,"2,4,7,9-Tetramethyl-5-decyne-4,7-diol",126-86-3,Chemical intermediate,0.595433,136.214,131.019,141.1625,1150.64,
805,Triclocarban,101-20-2,Microbiocide,0.1065255,97.53835,142.6535,104.5045,19.96915,
806,2-Naphthalenol,135-19-3,Chemical intermediate,4.20714,123.623,119.66,124.5145,1251.94,
807,Allura_Red_C.I.16035,25956-17-6,Dye,393.562,370.6755,865.5265,209.0955,1178.295,
808,Iopanoic_acid,96-83-3,Pharmaceutical,103.46,14.7355,95.7532,123.7,1212.11,
809,Raloxifene_hydrochloride,82640-04-8,Pharmaceutical,8.944115,12.38715,19.44695,50.60825,20.0373,
810,Haloxyfop-methyl,69806-40-2,Herbicide,1.141165,102.366,100.9835,87.3663,1140.085,
811,Cyproterone_acetate,427-51-0,Pharmaceutical,0.1337735,151.204,123.689,165.3025,1113.57,
812,"2,5-Di-tert-butylbenzene-1,4-diol",88-58-4,Chemical intermediate,93.6248,0.131687,119.35,97.22635,720.613,
813,"1,3-Dichloro-5,5-dimethylhydantoin",118-52-5,Microbiocide,48.89885,0.255587,0.2571185,155.2725,294.0685,
814,Methacrylamide,79-39-0,Chemical intermediate,287.1705,166.8305,643.196,189.04,747.6715,
815,Acenaphthene,83-32-9,PAH,24.78465,314.444,805.714,180.8275,341.8595,
816,Disulfiram,97-77-8,Pharmaceutical,3.09357,678.464,460.9805,149.9845,994.5095,
817,Tebupirimfos,96182-53-5,Pesticide,0.826144,71.6375,104.766,97.4202,786.6155,
818,Dibromoacetonitrile,3252-43-5,Microbiocide,0.3467685,831.9905,700.632,132.0925,1093.515,
819,2-Chloroacetophenone,532-27-4,Other,12.39185,402.1935,783.7235,187.6805,968.749,
820,Apigenin,520-36-5,Food flavor fragrance,1.611745,703.6595,807,107.8945,767.691,
821,Octrizole,3147-75-9,Flame retardant,1.58839,427.5225,655.0895,89.4821,649.284,
822,N-Methylacetamide,79-16-3,Solvent,3.702665,688.9675,5.72661,194.6275,1018.41,
823,Medroxyprogesterone_acetate,71-58-9,Pharmaceutical,0.440626,169.5705,14.01955,94.16275,1123.25,
824,Methamidophos,10265-92-6,Pesticide,39.76015,3.709045,0.720124,177.8425,257.8795,
825,FD&C_Yellow_5,1934-21-0,Dye,557.308,213.9235,29.9843,132.004,840.9695,
826,"8,2_Fluorotelomer_alcohol",678-39-7,Chemical intermediate,85.817,1.748765,1.598795,148.6275,980.6965,
827,Pyrimethamine,58-14-0,Pharmaceutical,0.01161,28.8093,19.16215,69.5738,1037.51,
828,Cyanogen_bromide,506-68-3,Chemical intermediate,469.1045,395.022,85.49105,176.584,1016.12,
829,Flufenacet,142459-58-3,Herbicide,41.6281,95.15805,107.2155,118.129,450.927,
830,"Sorbitan,_mono-(9Z)-9-octadecenoate",1338-43-8,Surfactant,243.691,1.65361,568.481,167.717,1235.46,
831,Mevinphos,7786-34-7,Pesticide,19.28135,323.027,163.8645,145.7465,1082.265,
832,Indomethacin,53-86-1,Pharmaceutical,0.1818655,119.31,130.6265,97.02085,980.2165,
833,"2,4-Di-tert-pentylphenol",120-95-6,Chemical intermediate,0.3154485,54.25965,5.64628,103.8065,18.34485,
834,Sodium_myristyl_sulfate,1191-50-0,Surfactant,694.478,13.3557,27.4638,184.611,731.005,
835,Octabenzone,1843-05-6,Plasticizer,0.546561,674.3695,898.6815,185.225,463.0185,
836,Propazine,139-40-2,Herbicide,0.01357465,648.2025,77.3397,203.6225,862.982,
837,Glipizide,29094-61-9,Pharmaceutical,0.03107825,848.5385,748.849,141.4925,378.336,
838,Citric_acid,77-92-9,Food flavor fragrance,0.003741295,953.0195,868.841,150.659,589.6705,
839,"1,2-Benzenedicarboxaldehyde",643-79-8,Chemical intermediate,66.1706,19.4716,2.50843,87.3345,1001.409,
840,Trifluralin,1582-09-8,Herbicide,0.06452225,451.0775,835.4015,106.056,896.649,
841,2-tert-Butyl-4-ethylphenol,96-70-8,Solvent,0.3017565,127.2195,0.1742855,107.4825,23.77595,
842,Volinanserin,139290-65-6,Pharmaceutical,9.056045,0.356386,0.1226295,132.1465,846.007,
843,17beta-Trenbolone,10161-33-8,Pharmaceutical,0.556237,115.459,12.5708,80.29175,966.0705,
844,Deltamethrin,52918-63-5,Pesticide,5.111105,0.1953815,1.050245,137.918,966.75,
845,"1,3-Benzenedicarboxylic_acid",121-91-5,Chemical intermediate,404.7995,4.734295,15.82895,128.6235,969.6475,
846,Progesterone,57-83-0,Pharmaceutical,102.4865,0.006467765,1.648545,106.667,898.636,
847,"1,2-Benzenedicarboxylic_acid,_di-C9-11-branched_alkyl_esters,_C10-rich",68515-49-1,Plasticizer,93.5658,726.2155,809.7625,151.145,1282.41,
848,2-Aminoanthraquinone,117-79-3,Chemical intermediate,107.473,29.7693,88.1577,120.0775,870.7555,
849,"2,5-Dimethylphenol",95-87-4,Chemical intermediate,25.61355,1.01472,567.3075,192.126,1073.07,
850,Heptachlor_epoxide,1024-57-3,Pesticide,16.3981,251.548,80.33415,168.709,1468.28,
851,2-(Phenylmethylene)octanal,101-86-0,Food flavor fragrance,3.168235,94.5997,137.508,101.525,792.2795,
852,Phosphoric_acid,7664-38-2,Food flavor fragrance,63.97105,184.9125,568.588,182.378,1559.785,
853,Dimethylamine,124-40-3,Surfactant,104.7435,410.011,772.2225,127.1015,1305.355,
854,Sucrose,57-50-1,Food flavor fragrance,28.0927,730.8105,749.0345,173.438,1140.75,
855,Hexadecane,544-76-3,Solvent,127.5,7.54663,11.3087,109.571,1253.57,
856,"1H-1,2,4-Triazole",288-88-0,Chemical intermediate,697.043,1.670565,1.822285,165.0255,1211.29,
857,Dodecylbenzene,123-01-3,Solvent,58.82235,717.8475,755.9385,143.3105,992.348,
858,"2,3,4-Trihydroxbenzophenone",1143-72-2,Other,114.57,7.699075,111.7705,160.5815,45.1023,
859,"2,4-Dichlorophenoxybutyric_acid",94-82-6,Herbicide,65.3787,273.051,734.797,157.732,223.254,
860,Eugenol,97-53-0,Food flavor fragrance,7.907805,145.151,95.1113,119.8885,1077.22,
861,"2,4,6-Trimethylphenol",527-60-6,Chemical intermediate,103.059,4.127375,138.004,91.17685,402.2545,
862,Benfluralin,1861-40-1,Herbicide,0.9942835,26.3907,24.19045,190.9625,1019.785,
863,Dipentyl_phthalate,131-18-0,Plasticizer,4.60174,71.2045,119.776,137.0555,931.0475,
864,Chloroneb,2675-77-6,Microbiocide,23.723,634.42,911.14,182.947,216.1095,
865,Triethylene_glycol,112-27-6,Food flavor fragrance,39.8773,654.5125,838.3365,171.665,244.407,
866,Fluazifop-P-butyl,79241-46-6,Herbicide,1.306765,106.672,119.5475,85.7941,1072.165,
867,Sodium_nitrite,7632-00-0,Chemical intermediate,30.8257,93.421,101.826,102.3955,68.1523,
868,Umbelliferone,93-35-6,Other,83.6989,457.963,865.536,204.545,18.10245,
869,Thiophanate-methyl,23564-05-8,Microbiocide,48.5277,83.268,117.278,97.70375,1169.895,
870,1-Dodecanol,112-53-8,Food flavor fragrance,61.1211,82.9129,5.659455,143.3385,1030.12,
871,Endosulfan,115-29-7,Pesticide,0.270002,60.31425,5.007115,58.49185,1044.975,
872,6-Propyl-2-thiouracil,51-52-5,Pharmaceutical,681.8065,113.833,735.579,193.604,1170.89,
873,Basic_Blue_7,2390-60-5,Dye,0.02544285,0.0272436,0.0224279,40.24605,0.000446653,
874,1-[3-(Triethoxysilyl)propyl]urea,23779-32-0,Chemical intermediate,712.5705,51.1298,730.149,193.5215,1106.745,
875,Tributyltin_chloride,1461-22-9,Microbiocide,20.9054,0.120184,18.9935,65.13635,1.5002,
876,Sodium_benzoate,532-32-1,Microbiocide,52.1241,488.661,831.946,151.3445,825.711,
877,Bis(2-ethylhexyl)_terephthalate,6422-86-2,Plasticizer,582.997,203.2855,17.62045,173.514,994.79,
878,"2-(Hydroxymethyl)-2-nitro-1,3-propanediol",126-11-4,Microbiocide,521.753,357.491,974.7015,180.4875,126.652,
879,Sodium_xylenesulfonate,1300-72-7,Solvent,73.5301,830.413,767.2105,122.6405,118.569,
880,3-Methylaniline,108-44-1,Chemical intermediate,101.4035,790.3095,811.985,140.5505,72.853,
881,"2,4-Dinitrophenol",51-28-5,Dye,131.2825,5.42325,68.23,147.49,193.8815,
882,"Hexachloro-1,3-butadiene",87-68-3,Solvent,183.924,532.436,935.332,167.4995,436.273,
883,2-[2-(2-Butoxyethoxy)ethoxy]ethanol,143-22-6,Plasticizer,140.7885,653.483,583.9585,157.279,1092.865,
884,Chlorthal-dimethyl,1861-32-1,Herbicide,181.2385,655.021,135.765,154.052,1207.145,
885,Dinoseb,88-85-7,Herbicide,20.01405,2.573105,18.13695,57.60335,108.0015,
886,Exifone,52479-85-3,Pharmaceutical,77.97395,1.141395,1.214935,196.31,31.1748,
887,1-Decanol,112-30-1,Chemical intermediate,22.98615,43.11545,624.66,137.5045,338.6205,
888,"(E)-1,2-Dichloroethylene",156-60-5,Solvent,68.0675,770.409,715.2205,157.659,399.892,
889,9-Phenanthrol,484-17-3,Pharmaceutical,18.24515,12.1028,0.1228605,55.87365,1.83082,
890,Dimethyl_terephthalate,120-61-6,Chemical intermediate,182.895,175.0435,730.506,323.949,779.7425,
891,2-Anisidine,90-04-0,Chemical intermediate,816.877,0.0563232,39.7381,172.6525,990.7705,
892,Daminozide,1596-84-5,Herbicide,494.4775,0.34663,500.8075,230.191,1061.225,
893,Nonanoic_acid,112-05-0,Food flavor fragrance,66.833,608.7935,861.7365,145.7405,847.242,
894,Methyl_octanoate,111-11-5,Food flavor fragrance,407.167,0.03993545,842.467,149.91,686.3495,
895,SSR_241586_HCl,NOCAS_47353,Pharmaceutical,19.98085,0.3371155,23.28245,75.1466,18.963,
896,Acibenzolar-S-methyl,135158-54-2,Microbiocide,3.879825,106.5255,118.582,125.6755,795.7355,
897,"1,2,4-Trichlorobenzene",120-82-1,Solvent,172.348,569.273,871.643,213.9965,841.986,
898,Diphenamid,957-51-7,Herbicide,8.48193,137.004,111.8645,84.1074,218.439,
899,Parathion,56-38-2,Pesticide,2.157195,95.5738,147.3565,95.9756,417.076,
900,Propetamphos,31218-83-4,Pesticide,2.10957,60.70225,108.899,104.316,137.6305,
901,Benzyl_butyl_phthalate,85-68-7,Plasticizer,1.78163,108.219,125.772,140.8465,425.0115,
902,Phosalone,2310-17-0,Pesticide,1.39545,132.976,87.8161,90.9445,103.5565,
903,4-Nitrosodiphenylamine,156-10-5,Chemical intermediate,0.1448125,75.22825,94.15185,64.0183,15.9402,
904,Sodium_hexyldecyl_sulfate,1120-01-0,Surfactant,20.69335,93.3833,391.6945,107.9275,664.511,
905,Azobenzene,103-33-3,Chemical intermediate,12.00705,98.1836,47.0407,170.609,277.482,
906,Pirinixic_acid,50892-23-4,Pharmaceutical,868.956,122.2315,679.2755,185.39,687.8655,
907,Theobromine,83-67-0,Food flavor fragrance,345.542,486.338,386.5005,194.0795,527.6855,
908,1-Methylnaphthalene,90-12-0,Solvent,369.5505,538.3685,1.426255,115.002,325.908,
909,Benzo(b)fluoranthene,205-99-2,PAH,51.1528,521.4535,238.4435,141.306,1022.53,
910,1-Octanol,111-87-5,Food flavor fragrance,386.2465,406.374,583.0975,317.327,570.08,
911,Ketoconazole,65277-42-1,Microbiocide,135.13,0.9381,6.306655,129.88,19.5775,
912,Sodium_fluoroacetate,62-74-8,Pesticide,70.5903,584.1895,742.285,278.9065,736.3435,
913,MCPB,94-81-5,Herbicide,521.5235,78.8786,12.0704,115.925,720.063,
914,Benzidine,92-87-5,Chemical intermediate,134.004,613.832,704.4685,165.425,1100.18,
915,"2,2'-Bisphenol_F",2467-02-9,Plasticizer,10.1126,106.1635,137.432,97.83295,970.606,
916,Abamectin,71751-41-2,Pesticide,2.61248,122.705,106.2755,99.42555,1208.205,
917,Benzoic_acid,65-85-0,Food additive,2.78483,131.3745,122.9835,148.97,1055.055,
918,Methyl_dodecanoate,111-82-0,Food flavor fragrance,57.74625,733.31,889.9145,212.545,1271.43,
919,4-Vinyl-1-cyclohexene_dioxide,106-87-6,Chemical intermediate,85.95005,648.4975,735.2665,139.5895,1197.315,
920,Erythromycin,114-07-8,Pharmaceutical,596.878,81.08595,15.8635,230.0125,1188.975,Known
921,Amitraz,33089-61-1,Pesticide,90.55925,60.2459,126.989,140.7475,961.9805,
922,Dieldrin,60-57-1,Pesticide,0.9228805,118.5725,125.052,136.842,1190.72,
923,Pentachlorophenol,87-86-5,Microbiocide,83.59785,61.8445,113.786,73.92005,55.63855,
924,Geraniol,106-24-1,Food flavor fragrance,22.95635,102.816,120.6865,108.9435,299.233,
925,4-Chloro-3-methylphenol,59-50-7,Microbiocide,1.13854,112.1805,119.75,104.413,645.816,
926,Profenofos,41198-08-7,Pesticide,2.40807,84.1883,101.676,145.9235,861.909,
927,"2,2',6,6'-Tetrachlorobisphenol_A",79-95-8,Flame retardant,4.09449,96.7358,105.34,157.224,17.35985,
928,Digoxin,20830-75-5,Pharmaceutical,5.786285,1.740955,2.87364,62.88315,0.000243584,
929,Pravastatin_sodium,81131-70-6,Pharmaceutical,592.168,21.2801,18.8016,173.3655,553.609,
930,Diphenyl_phthalate,84-62-8,Plasticizer,5.38943,127.1995,133.749,157.445,554.4595,
931,Anilazine,101-05-3,Microbiocide,2.510015,75.59855,110.91,142.2645,1119.56,
932,Chloramphenicol,56-75-7,Pharmaceutical,91.16695,2.302915,2.14969,108.713,1138.71,
933,"1,2,4,5-Tetrachlorobenzene",95-94-3,Chemical intermediate,306.9785,437.235,861.722,119.065,434.303,
934,Malathion,121-75-5,Pesticide,73.38675,31.7477,143.0895,119.181,20.56485,
935,Sodium_L-ascorbate,134-03-2,Food flavor fragrance,498.2685,67.6686,791.1755,125.872,1072.96,
936,Niclosamide,50-65-7,Pesticide,1.934035,0.06703875,130.491,104.1425,2.003725,
937,4-Aminobenzoic_acid,150-13-0,Food flavor fragrance,540.2125,19.6313,802.0355,129.447,491.035,
938,Butyryl_trihexyl_citrate,82469-79-2,Plasticizer,35.4943,710.1345,917.0315,166.628,1134.35,
939,Carbofuran,1563-66-2,Pesticide,34.60415,23.7342,399.3295,140.96,1324.75,
940,Tris(2-ethylhexyl)_phosphate,78-42-2,Flame retardant,13.28425,590.0755,841.781,161.2285,850.2,
941,Monomethyl_phthalate,4376-18-5,Plasticizer,73.7292,738.072,872.29,209.165,1043.715,
942,Napropamide,15299-99-7,Herbicide,9.245985,126.732,2.478675,79.23205,535.659,
943,Trinexapac-ethyl,95266-40-3,Herbicide,22.7731,1.234785,4.320305,87.4864,0.308126,
944,Caprolactam,105-60-2,Chemical intermediate,110.8645,8.680155,2.072375,153.8585,280.002,
945,Endrin,72-20-8,Pesticide,81.35505,1.15816,1.65128,159.1005,706.3605,
946,Allethrin,584-79-2,Pesticide,81.04195,3.604265,83.5458,131.7495,394.846,
947,Flutolanil,66332-96-5,Microbiocide,1.327075,118.125,131.818,125.495,797.763,
948,Glycerol,56-81-5,Food flavor fragrance,317.5315,612.243,727.945,151.112,1053.115,
949,2-(2-Butoxyethoxy)ethanol,112-34-5,Solvent,82.73155,614.974,772.876,166.7485,1118.165,
950,Fluorene,86-73-7,PAH,91.7338,52.15015,70.7491,83.01745,1027.93,
951,1-Pentadecanol,629-76-5,Food flavor fragrance,195.632,488.704,742.101,182.242,1013.26,
952,Dimethyl_glutarate,1119-40-0,Chemical intermediate,79.31605,725.7645,715.826,130.0305,505.973,
953,"2,6,10-Trimethyl-2,6,10-triazaundecane",3855-32-1,Plasticizer,253.273,657.517,497.325,164.0725,668.5935,
954,Cyanuric_acid,108-80-5,Chemical intermediate,0.767648,942.685,368.4695,141.858,803.5885,
955,Propoxur,114-26-1,Pesticide,133.774,439.8,857.5105,147.815,1105.035,
956,Zearalenone,17924-92-4,Other,2.882435,16.6763,1.431625,122.379,17.79945,
957,Chrysin,480-40-0,Food flavor fragrance,43.59995,90.62205,49.83025,133.3895,999.0535,
958,"Dibenz(a,h)anthracene",53-70-3,PAH,954.066,8.84398,32.689,247.488,764.1185,
959,Bis(4-hydroxyphenyl)methane,620-92-8,Plasticizer,3.04669,101.049,121.612,98.81615,833.201,
960,Haloperidol,52-86-8,Pharmaceutical,2.37314,0.000319808,0.03071535,48.73315,17.47425,Known
961,"p,p'-DDE",72-55-9,Pesticide,3.51934,123.771,9.644975,113.786,1096.445,
962,2-[(4-Hydroxyphenyl)methyl]phenol,2467-03-0,Chemical intermediate,93.86605,51.9806,84.52255,102.6385,693.2875,
963,Prednisolone,50-24-8,Pharmaceutical,358.1265,551.416,747.129,239.1955,815.5495,
964,Thiodicarb,59669-26-0,Pesticide,89.64285,4.493875,34.34645,112.807,15.7264,
965,Mesotrione,104206-82-8,Herbicide,130.0445,703.73,653.6735,116.8175,333.139,
966,Decanoic_acid,334-48-5,Food flavor fragrance,294.7335,642.498,760.8405,135.4215,288.301,
967,6-Methylquinoline,91-62-3,Food flavor fragrance,45.8876,690.1535,936.5645,293.6895,486.522,
968,4-Butyrolactone,96-48-0,Solvent,37.61875,831.135,536.3185,136.072,1160.43,
969,Naphthalene,91-20-3,PAH,0.365748,818.713,806.672,195.348,492.146,
970,Trioctyl_trimellitate,89-04-3,Plasticizer,26.4312,785.9305,805.1785,127.4195,1143.62,
971,Propargite,2312-35-8,Pesticide,0.0902324,121.074,138.6665,102.7585,21.7898,
972,Bromacil,314-40-9,Herbicide,2.14837,123.132,0.9079105,107.22,1090.525,
973,Fluridone,59756-60-4,Herbicide,106.8445,22.1032,2.756875,156.0335,1217.24,
974,"2,6-Dimethylphenol",576-26-1,Chemical intermediate,2.62157,816.363,1.060105,124.826,916.2195,
975,Isopropalin,33820-53-0,Herbicide,61.43915,1.62455,0.779924,109.706,639.038,
976,Disulfoton,298-04-4,Pesticide,111.347,9.62485,141.0625,83.7999,156.424,
977,N-Nitrosodiphenylamine,86-30-6,Chemical intermediate,152.2835,0.07940755,46.65615,161.5835,1045.52,
978,Pentachlorobenzene,608-93-5,Pesticide,66.1086,82.6063,1.48931,112.3185,1028.875,
979,FD&C_Yellow_6,2783-94-0,Dye,47.1247,305.017,580.8895,188.85,1211.215,
980,Cumene_hydroperoxide,80-15-9,Chemical intermediate,51.84645,67.14975,128.255,99.4932,21.07435,
981,Bromoxynil,1689-84-5,Herbicide,125.1405,0.151751,113.9455,241.1355,1181.625,
982,Dimethylaminoethanol,108-01-0,Chemical intermediate,169.108,443.9965,687.4195,144.288,1093.355,
983,Di-tert-butyl_peroxide,110-05-4,Chemical intermediate,498.3435,19.1096,15.75605,183.588,1139.83,
984,Dimethyl_phthalate,131-11-3,Plasticizer,513.8455,44.2175,35.8096,180.43,1208.745,
985,Dodecylbenzenesulfonic_acid,27176-87-0,Surfactant,82.5891,55.02155,48.2373,139.1715,1171.59,
986,Clopyralid-olamine,57754-85-5,Herbicide,26.46735,105.5395,108.373,117.677,609.9665,
987,"2,4,5-Trichlorophenoxyacetic_acid",93-76-5,Herbicide,43.9923,724.7405,855.029,135.098,1134.4,
988,Finasteride,98319-26-7,Pharmaceutical,84.793,23.1569,4.87322,117.8575,1058.645,
989,4-Nitrotoluene,99-99-0,Chemical intermediate,115.3535,5.49834,2.359855,68.65575,1146.43,
990,Atenolol,29122-68-7,Pharmaceutical,29.35865,843.3505,834.7765,219.368,913.599,
991,"1,3-Butanediol",107-88-0,Solvent,38.3877,68.92375,59.3497,91.8301,917.5135,
992,Buspirone,36505-84-7,Pharmaceutical,90.49725,1.21367,0.482134,78.04325,1055.57,
993,Catechol,120-80-9,Chemical intermediate,42.2796,703.2595,806.801,126.0495,913.634,
994,Etridiazole,2593-15-9,Microbiocide,45.5486,81.367,128.8195,131.007,934.611,
995,Isazofos,42509-80-8,Pesticide,10.08905,92.3296,130.1225,126.2595,959.223,
996,Pentanal,110-62-3,Food flavor fragrance,21.23835,523.7675,328.2525,146.4315,1047.2,
997,Thiazopyr,117718-60-2,Herbicide,3.50507,22.3377,10.055865,84.91835,654.8955,
998,"2,2-Dibromo-3-nitrilopropionamide",10222-01-2,Microbiocide,39.30355,220.0755,737.523,169.561,1246.375,
999,2-Methyl-5-nitroaniline,99-55-8,Chemical intermediate,129.475,693.7285,811.161,194.189,846.8065,
1000,Triadimefon,43121-43-3,Microbiocide,5.533085,120.3005,120.3895,100.558,358.3865,
1001,Phenol_Red_sodium_salt,34487-61-1,Dye,425.677,463.0295,655.8135,144.1595,750.576,
1002,Sodium_azide,26628-22-8,Herbicide,86.6912,762.193,954.922,99.73615,1002.47,
1003,Chlorobenzilate,510-15-6,Pesticide,21.66135,3.743675,4.66737,52.1758,24.7657,
1004,2-[2-(2-Ethoxyethoxy)ethoxy]ethanol,112-50-5,Solvent,732.4585,177.383,27.7791,197.5975,656.4665,
1005,Picloram,1918-02-1,Herbicide,36.74105,301.5155,813.3705,150.877,1043.875,
1006,4-Chlorophenyl_methyl_sulfone,98-57-7,Pesticide,247.2035,436.837,792.364,141.3045,511.3275,
1007,Bepridil,64706-54-3,CiPA pharmaceutical,21.1114,0.467631,0.1140105,72.81785,20.4593,Known
1008,Dofetilide,115256-11-6,CiPA pharmaceutical,13.1805,374.794,0.000680876,149.8685,201.2865,Known
1009,Quinidine,56-54-2,CiPA pharmaceutical,73.198,0.865953,0.654371,126.786,479.488,Known
1010,"D,1_Sotalol",3930-20-9,CiPA pharmaceutical,748.765,1.04887,0.624226,154.133,356.3415,Known
1011,Azimilide,149908-53-2,CiPA pharmaceutical,63.14145,0.106936,0.08990345,155.8405,18.0396,FDA (High)
1012,Ibutilide,122647-32-9,CiPA pharmaceutical,11.03995,0.000492244,0.000670423,206.0245,870.797,Known
1013,Vandetanib,443913-73-3,CiPA pharmaceutical,4.019765,155.0515,81.63315,127.3145,1250.445,Known
1014,Disopyramide,3737-09-5,CiPA pharmaceutical,551.723,1.09887,0.802892,184.3245,1048.08,Known
1015,Cisapride,81098-60-4,CiPA pharmaceutical,60.3033,0.546413,0.327151,128.294,840.586,Known
1016,Terfenadine,50679-08-8,CiPA pharmaceutical,809.8725,0.05161635,724.001,237.081,1246.72,Known
1017,Ondansetron,99614-02-5,CiPA pharmaceutical,673.335,0.06594375,0.49069,172.967,888.8375,Known
1018,Astemizole,68844-77-9,CiPA pharmaceutical,7.523035,8.00E-05,0.0004854,112.098,14.10705,Known
1019,Clarithromycin,81103-11-9,CiPA pharmaceutical,384.5965,564.4835,700.8365,222.055,1202.635,Known
1020,Clozapine,5786-21-0,CiPA pharmaceutical,0.5170585,22.14405,6.96597,127.5735,18.31855,Possible
1021,Domperidone,57808-66-9,CiPA pharmaceutical,111.6155,0.000193655,0.00047171,156.7825,16.11075,Known
1022,Droperidol,548-73-2,CiPA pharmaceutical,13.67195,0.08461405,0.000565172,65.61845,1043.945,Known
1023,Risperidone,106266-06-2,CiPA pharmaceutical,780.5525,0.08117075,0.1565885,161.778,1126.68,Conditional
1024,Mexiletine,31828-71-4,CiPA pharmaceutical,18.5204,1.22366,4.27415,56.66965,1068.44,
1025,Ranolazine,95635-55-5,CiPA pharmaceutical,120.292,0.642454,10.28345,234.8895,1259.18,Conditional
1026,Verapamil,52-53-9,CiPA pharmaceutical,0.000197658,0.389515,5.692545,57.6739,65.98405,
1027,Loratadine,79794-75-5,CiPA pharmaceutical,6.846975,16.06775,20.29635,107.5145,1038.215,
1028,Nifedipine,21829-25-4,CiPA pharmaceutical,1.437295,64.1627,103.3985,113.938,18.89815,
1029,Nitrendipine,39562-70-4,CiPA pharmaceutical,0.0177457,19.00135,0.000275112,93.2161,24.148,
1030,Bifenazate_Replicate,149877-41-8,Pesticide,67.65695,63.8772,91.1112,106.1295,1054.825,
1031,"2,2'-Methylenebis(4-methyl-6-tert-butylphenol)_Replicate",119-47-1,Chemical intermediate,0.09033905,107.9005,0.0317285,73.76425,18.66115,
1032,Dichlorophen_Replicate,97-23-4,Microbiocide,19.4694,7.79419,16.5514,97.44725,14.4178,
1033,Fenpropathrin_Replicate,39515-41-8,Pesticide,5.508,0.2247235,5.818325,85.73515,745.346,
1034,Isooctyl_acrylate_Replicate,29590-42-9,Plasticizer,193.5455,598.9745,5.88183,165.3935,773.837,
1035,Glycidol_Replicate,556-52-5,Chemical intermediate,486.767,270.0385,74.4371,170.8125,1112.16,
1036,1-Tridecanol_Replicate,112-70-9,Food flavor fragrance,3.642665,185.23,120.9525,110.412,762.746,
1037,Pyrimethanil_Replicate,53112-28-0,Microbiocide,7.565905,124.402,97.65335,124.797,559.685,
1038,Coumarin_Replicate,91-64-5,Food flavor fragrance,24.5071,115.0315,84.33415,150.7895,865.596,
1039,Fenthion_Replicate,55-38-9,Pesticide,2.078925,75.78485,88.23755,79.0304,1249.435,
1040,Chlorendic_acid_Replicate,115-28-6,Herbicide,801.116,2.127905,3.100395,220.5165,1040.405,
1041,TAB_Control,NA,NA,0.0250931,0.0175868,0.0215459,62.254,0.0653019,
1042,Isoproterenol_hydrochloride_Control,NA,NA,429.2775,0.00714327,0.002152425,46.20805,0.05584525,
1043,Propranolol_Control,525-66-6,Pharmaceutical,0.02691085,212.014,268.473,66.174,0.06109125,
1044,Cisapride_Control,NA,NA,329.213,97.64475,17.32565,35.761,0.0454918,
1045,N-acetylprocainamide_Control,32795-44-1,Pharmaceutical,57.2973,0.089334,55.5233,38.05275,0.0476811,
1046,Sematilide_Control,101526-83-4,Pharmaceutical,187.401,247.6115,531.471,44.50415,0.06603655,
1047,Sotalol_Control,NA,NA,412.9845,0.842852,497.302,48.742,0.0455507,
1048,Mifepristone_Control,NA,NA,0.007034965,570.158,430.2175,80.9463,0.0570703,
1049,Cabazitaxel_Control,183133-96-2,Pharmaceutical,558.443,0.00394,0.002841345,52.2321,0.05177265,
1050,Lamotrigine_Control,84057-84-1,Pharmaceutical,4.116905,9.707045,0.9538265,86.6571,0.0675718,
